{
  "QUOTE ESTIMATION" : {
    "transaction" : "QUOTE ESTIMATION",
    "sampleCount" : 7,
    "errorCount" : 0,
    "errorPct" : 0.0,
    "meanResTime" : 9429.57142857143,
    "medianResTime" : 9808.0,
    "minResTime" : 4951.0,
    "maxResTime" : 10958.0,
    "pct1ResTime" : 10958.0,
    "pct2ResTime" : 10958.0,
    "pct3ResTime" : 10958.0,
    "throughput" : 0.6194142111317582,
    "receivedKBytesPerSec" : 1.3617088642598,
    "sentKBytesPerSec" : 1.2587900130519423
  },
  "SEARCH PROPERTY ADDRESS-1" : {
    "transaction" : "SEARCH PROPERTY ADDRESS-1",
    "sampleCount" : 7,
    "errorCount" : 0,
    "errorPct" : 0.0,
    "meanResTime" : 1411.1428571428573,
    "medianResTime" : 1354.0,
    "minResTime" : 1251.0,
    "maxResTime" : 1569.0,
    "pct1ResTime" : 1569.0,
    "pct2ResTime" : 1569.0,
    "pct3ResTime" : 1569.0,
    "throughput" : 0.8378216636744464,
    "receivedKBytesPerSec" : 0.5310022067624177,
    "sentKBytesPerSec" : 0.8100033662477558
  },
  "SAVE COVERAGE PAGE" : {
    "transaction" : "SAVE COVERAGE PAGE",
    "sampleCount" : 14,
    "errorCount" : 0,
    "errorPct" : 0.0,
    "meanResTime" : 7846.857142857143,
    "medianResTime" : 7800.0,
    "minResTime" : 7128.0,
    "maxResTime" : 8192.0,
    "pct1ResTime" : 8192.0,
    "pct2ResTime" : 8192.0,
    "pct3ResTime" : 8192.0,
    "throughput" : 0.9473541751251862,
    "receivedKBytesPerSec" : 0.5698927459737447,
    "sentKBytesPerSec" : 4.1465248172959805
  },
  "SEARCH PROPERTY ADDRESS-0" : {
    "transaction" : "SEARCH PROPERTY ADDRESS-0",
    "sampleCount" : 7,
    "errorCount" : 0,
    "errorPct" : 0.0,
    "meanResTime" : 1780.857142857143,
    "medianResTime" : 1680.0,
    "minResTime" : 1382.0,
    "maxResTime" : 2740.0,
    "pct1ResTime" : 2740.0,
    "pct2ResTime" : 2740.0,
    "pct3ResTime" : 2740.0,
    "throughput" : 0.813953488372093,
    "receivedKBytesPerSec" : 0.5603878997093024,
    "sentKBytesPerSec" : 0.9490824854651163
  },
  "SEARCH PROPERTY ADDRESS-2" : {
    "transaction" : "SEARCH PROPERTY ADDRESS-2",
    "sampleCount" : 7,
    "errorCount" : 0,
    "errorPct" : 0.0,
    "meanResTime" : 449.2857142857143,
    "medianResTime" : 431.0,
    "minResTime" : 400.0,
    "maxResTime" : 525.0,
    "pct1ResTime" : 525.0,
    "pct2ResTime" : 525.0,
    "pct3ResTime" : 525.0,
    "throughput" : 0.9644530173601543,
    "receivedKBytesPerSec" : 22.74860498759989,
    "sentKBytesPerSec" : 0.9079420983742078
  },
  "GOTO COVERAGE PAGE" : {
    "transaction" : "GOTO COVERAGE PAGE",
    "sampleCount" : 7,
    "errorCount" : 0,
    "errorPct" : 0.0,
    "meanResTime" : 396.2857142857143,
    "medianResTime" : 394.0,
    "minResTime" : 373.0,
    "maxResTime" : 424.0,
    "pct1ResTime" : 424.0,
    "pct2ResTime" : 424.0,
    "pct3ResTime" : 424.0,
    "throughput" : 3.8845726970033296,
    "receivedKBytesPerSec" : 114.83822228773585,
    "sentKBytesPerSec" : 3.239672932852386
  },
  "CLICK GNERATE POLICY BUTTON" : {
    "transaction" : "CLICK GNERATE POLICY BUTTON",
    "sampleCount" : 7,
    "errorCount" : 0,
    "errorPct" : 0.0,
    "meanResTime" : 118461.28571428571,
    "medianResTime" : 122707.0,
    "minResTime" : 88222.0,
    "maxResTime" : 127784.0,
    "pct1ResTime" : 127784.0,
    "pct2ResTime" : 127784.0,
    "pct3ResTime" : 127784.0,
    "throughput" : 0.05468579106902909,
    "receivedKBytesPerSec" : 0.029265442876785102,
    "sentKBytesPerSec" : 0.052976860098121935
  },
  "GO TO GENERATE QUOTE PAGE" : {
    "transaction" : "GO TO GENERATE QUOTE PAGE",
    "sampleCount" : 7,
    "errorCount" : 0,
    "errorPct" : 0.0,
    "meanResTime" : 858.0,
    "medianResTime" : 827.0,
    "minResTime" : 469.0,
    "maxResTime" : 1300.0,
    "pct1ResTime" : 1300.0,
    "pct2ResTime" : 1300.0,
    "pct3ResTime" : 1300.0,
    "throughput" : 1.0889856876166772,
    "receivedKBytesPerSec" : 95.76556544609521,
    "sentKBytesPerSec" : 0.8901181841163659
  },
  "GOTO PROPERTY PAGE" : {
    "transaction" : "GOTO PROPERTY PAGE",
    "sampleCount" : 7,
    "errorCount" : 0,
    "errorPct" : 0.0,
    "meanResTime" : 458.42857142857144,
    "medianResTime" : 468.0,
    "minResTime" : 396.0,
    "maxResTime" : 518.0,
    "pct1ResTime" : 518.0,
    "pct2ResTime" : 518.0,
    "pct3ResTime" : 518.0,
    "throughput" : 3.6363636363636362,
    "receivedKBytesPerSec" : 81.48640422077922,
    "sentKBytesPerSec" : 3.018465909090909
  },
  "GOTO POLICY HOLDER PAGE" : {
    "transaction" : "GOTO POLICY HOLDER PAGE",
    "sampleCount" : 7,
    "errorCount" : 0,
    "errorPct" : 0.0,
    "meanResTime" : 500.71428571428567,
    "medianResTime" : 475.0,
    "minResTime" : 414.0,
    "maxResTime" : 642.0,
    "pct1ResTime" : 642.0,
    "pct2ResTime" : 642.0,
    "pct3ResTime" : 642.0,
    "throughput" : 4.5811518324607325,
    "receivedKBytesPerSec" : 164.01328840804973,
    "sentKBytesPerSec" : 3.7624498936518322
  },
  "GOTO APPLICATION SUMMARY PAGE" : {
    "transaction" : "GOTO APPLICATION SUMMARY PAGE",
    "sampleCount" : 7,
    "errorCount" : 0,
    "errorPct" : 0.0,
    "meanResTime" : 2616.5714285714284,
    "medianResTime" : 2578.0,
    "minResTime" : 2558.0,
    "maxResTime" : 2835.0,
    "pct1ResTime" : 2835.0,
    "pct2ResTime" : 2835.0,
    "pct3ResTime" : 2835.0,
    "throughput" : 2.341137123745819,
    "receivedKBytesPerSec" : 60.01678772993311,
    "sentKBytesPerSec" : 1.88845631270903
  },
  "GOTO HOME PAGE" : {
    "transaction" : "GOTO HOME PAGE",
    "sampleCount" : 7,
    "errorCount" : 0,
    "errorPct" : 0.0,
    "meanResTime" : 858.0,
    "medianResTime" : 827.0,
    "minResTime" : 469.0,
    "maxResTime" : 1300.0,
    "pct1ResTime" : 1300.0,
    "pct2ResTime" : 1300.0,
    "pct3ResTime" : 1300.0,
    "throughput" : 1.0995915802701854,
    "receivedKBytesPerSec" : 96.69824924403079,
    "sentKBytesPerSec" : 0.8987872584825637
  },
  "GOTO VIEW POLICY PAGE" : {
    "transaction" : "GOTO VIEW POLICY PAGE",
    "sampleCount" : 7,
    "errorCount" : 0,
    "errorPct" : 0.0,
    "meanResTime" : 2118.1428571428573,
    "medianResTime" : 1896.0,
    "minResTime" : 1571.0,
    "maxResTime" : 3203.0,
    "pct1ResTime" : 3203.0,
    "pct2ResTime" : 3203.0,
    "pct3ResTime" : 3203.0,
    "throughput" : 0.1690045631232043,
    "receivedKBytesPerSec" : 3.2804992877664843,
    "sentKBytesPerSec" : 0.1361609029068785
  },
  "CREATE POLICY USING GENERATE QUOTE BUTTON" : {
    "transaction" : "CREATE POLICY USING GENERATE QUOTE BUTTON",
    "sampleCount" : 7,
    "errorCount" : 0,
    "errorPct" : 0.0,
    "meanResTime" : 120579.42857142858,
    "medianResTime" : 124603.0,
    "minResTime" : 90847.0,
    "maxResTime" : 129377.0,
    "pct1ResTime" : 129377.0,
    "pct2ResTime" : 129377.0,
    "pct3ResTime" : 129377.0,
    "throughput" : 0.05397195000655374,
    "receivedKBytesPerSec" : 1.0765175273907646,
    "sentKBytesPerSec" : 0.09576858707217592
  },
  "LOGIN PROCESS" : {
    "transaction" : "LOGIN PROCESS",
    "sampleCount" : 7,
    "errorCount" : 0,
    "errorPct" : 0.0,
    "meanResTime" : 8370.142857142857,
    "medianResTime" : 8057.0,
    "minResTime" : 7004.0,
    "maxResTime" : 12122.0,
    "pct1ResTime" : 12122.0,
    "pct2ResTime" : 12122.0,
    "pct3ResTime" : 12122.0,
    "throughput" : 0.5771291944925385,
    "receivedKBytesPerSec" : 480.9723692956963,
    "sentKBytesPerSec" : 1.006030871258966
  },
  "SAVE PROPERTY PAGE" : {
    "transaction" : "SAVE PROPERTY PAGE",
    "sampleCount" : 7,
    "errorCount" : 0,
    "errorPct" : 0.0,
    "meanResTime" : 1309.9999999999998,
    "medianResTime" : 1237.0,
    "minResTime" : 1215.0,
    "maxResTime" : 1496.0,
    "pct1ResTime" : 1496.0,
    "pct2ResTime" : 1496.0,
    "pct3ResTime" : 1496.0,
    "throughput" : 2.5584795321637426,
    "receivedKBytesPerSec" : 1.1743021290204678,
    "sentKBytesPerSec" : 3.7627638432017543
  },
  "APPLICATION FORM SUMMARY PAGE" : {
    "transaction" : "APPLICATION FORM SUMMARY PAGE",
    "sampleCount" : 7,
    "errorCount" : 0,
    "errorPct" : 0.0,
    "meanResTime" : 2298.8571428571427,