{
  "QUOTE ESTIMATION" : {
    "transaction" : "QUOTE ESTIMATION",
    "sampleCount" : 12,
    "errorCount" : 0,
    "errorPct" : 0.0,
    "meanResTime" : 4663.25,
    "medianResTime" : 4472.5,
    "minResTime" : 1722.0,
    "maxResTime" : 8977.0,
    "pct1ResTime" : 8531.800000000001,
    "pct2ResTime" : 8977.0,
    "pct3ResTime" : 8977.0,
    "throughput" : 0.9746588693957114,
    "receivedKBytesPerSec" : 2.1418223836500974,
    "sentKBytesPerSec" : 1.9807276437621832
  },
  "SEARCH PROPERTY ADDRESS-1" : {
    "transaction" : "SEARCH PROPERTY ADDRESS-1",
    "sampleCount" : 12,
    "errorCount" : 0,
    "errorPct" : 0.0,
    "meanResTime" : 973.0000000000001,
    "medianResTime" : 783.0,
    "minResTime" : 501.0,
    "maxResTime" : 1960.0,
    "pct1ResTime" : 1953.7,
    "pct2ResTime" : 1960.0,
    "pct3ResTime" : 1960.0,
    "throughput" : 1.008233910267182,
    "receivedKBytesPerSec" : 23.83437723176777,
    "sentKBytesPerSec" : 0.9235580154595867
  },
  "SEARCH PROPERTY ADDRESS-0" : {
    "transaction" : "SEARCH PROPERTY ADDRESS-0",
    "sampleCount" : 12,
    "errorCount" : 0,
    "errorPct" : 0.0,
    "meanResTime" : 3425.416666666667,
    "medianResTime" : 3258.5,
    "minResTime" : 2417.0,
    "maxResTime" : 4510.0,
    "pct1ResTime" : 4502.8,
    "pct2ResTime" : 4510.0,
    "pct3ResTime" : 4510.0,
    "throughput" : 0.7664303506418855,
    "receivedKBytesPerSec" : 0.4468348821613336,
    "sentKBytesPerSec" : 0.8987842897745417
  },
  "GOTO QUOTE PAGE" : {
    "transaction" : "GOTO QUOTE PAGE",
    "sampleCount" : 12,
    "errorCount" : 0,
    "errorPct" : 0.0,
    "meanResTime" : 1083.5833333333333,
    "medianResTime" : 674.5,
    "minResTime" : 491.0,
    "maxResTime" : 4015.0,
    "pct1ResTime" : 3384.7000000000025,
    "pct2ResTime" : 4015.0,
    "pct3ResTime" : 4015.0,
    "throughput" : 1.028630207440425,
    "receivedKBytesPerSec" : 24.315535664537972,
    "sentKBytesPerSec" : 0.8588660423452769
  },
  "QUOTE CREATION" : {
    "transaction" : "QUOTE CREATION",
    "sampleCount" : 12,
    "errorCount" : 0,
    "errorPct" : 0.0,
    "meanResTime" : 11216.5,
    "medianResTime" : 10985.5,
    "minResTime" : 7074.0,
    "maxResTime" : 16420.0,
    "pct1ResTime" : 15885.700000000003,
    "pct2ResTime" : 16420.0,
    "pct3ResTime" : 16420.0,
    "throughput" : 0.6074104069649726,
    "receivedKBytesPerSec" : 30.6809976241395,
    "sentKBytesPerSec" : 4.239317327647297
  },
  "GO TO GENERATE QUOTE PAGE" : {
    "transaction" : "GO TO GENERATE QUOTE PAGE",
    "sampleCount" : 12,
    "errorCount" : 0,
    "errorPct" : 0.0,
    "meanResTime" : 1259.0833333333333,
    "medianResTime" : 1060.0,
    "minResTime" : 455.0,
    "maxResTime" : 3473.0,
    "pct1ResTime" : 3045.5000000000014,
    "pct2ResTime" : 3473.0,
    "pct3ResTime" : 3473.0,
    "throughput" : 0.9113001215066828,
    "receivedKBytesPerSec" : 80.13864102369381,
    "sentKBytesPerSec" : 0.7448810563487243
  },
  "LOGIN -0" : {
    "transaction" : "LOGIN -0",
    "sampleCount" : 12,
    "errorCount" : 0,
    "errorPct" : 0.0,
    "meanResTime" : 1140.5833333333333,
    "medianResTime" : 866.0,
    "minResTime" : 491.0,
    "maxResTime" : 2021.0,
    "pct1ResTime" : 1962.5000000000002,
    "pct2ResTime" : 2021.0,
    "pct3ResTime" : 2021.0,
    "throughput" : 4.484304932735426,
    "receivedKBytesPerSec" : 3.2143357623318383,
    "sentKBytesPerSec" : 2.5355591367713
  },
  "GOTO URL" : {
    "transaction" : "GOTO URL",
    "sampleCount" : 12,
    "errorCount" : 0,
    "errorPct" : 0.0,
    "meanResTime" : 3074.5,
    "medianResTime" : 3071.0,
    "minResTime" : 2466.0,
    "maxResTime" : 3750.0,
    "pct1ResTime" : 3682.8,
    "pct2ResTime" : 3750.0,
    "pct3ResTime" : 3750.0,
    "throughput" : 3.1923383878691145,
    "receivedKBytesPerSec" : 11.58157920989625,
    "sentKBytesPerSec" : 0.44892258579409416
  },
  "LOGIN -1" : {
    "transaction" : "LOGIN -1",
    "sampleCount" : 12,
    "errorCount" : 0,
    "errorPct" : 0.0,
    "meanResTime" : 11392.333333333332,
    "medianResTime" : 10761.5,
    "minResTime" : 4866.0,
    "maxResTime" : 16585.0,
    "pct1ResTime" : 16128.7,
    "pct2ResTime" : 16585.0,
    "pct3ResTime" : 16585.0,
    "throughput" : 0.719640179910045,
    "receivedKBytesPerSec" : 584.8341454272863,
    "sentKBytesPerSec" : 0.24386244377811092
  },
  "GOTO APPLICATION STATUS" : {
    "transaction" : "GOTO APPLICATION STATUS",
    "sampleCount" : 12,
    "errorCount" : 0,
    "errorPct" : 0.0,
    "meanResTime" : 675.0,
    "medianResTime" : 728.5,
    "minResTime" : 300.0,
    "maxResTime" : 1296.0,
    "pct1ResTime" : 1159.5000000000005,
    "pct2ResTime" : 1296.0,
    "pct3ResTime" : 1296.0,
    "throughput" : 1.0925976509150503,
    "receivedKBytesPerSec" : 21.84661806883365,
    "sentKBytesPerSec" : 0.9165443184922152
  },
  "GOTO HOME PAGE" : {
    "transaction" : "GOTO HOME PAGE",
    "sampleCount" : 12,
    "errorCount" : 0,
    "errorPct" : 0.0,
    "meanResTime" : 1259.0833333333333,
    "medianResTime" : 1060.0,
    "minResTime" : 455.0,
    "maxResTime" : 3473.0,
    "pct1ResTime" : 3045.5000000000014,
    "pct2ResTime" : 3473.0,
    "pct3ResTime" : 3473.0,
    "throughput" : 0.9122700319294511,
    "receivedKBytesPerSec" : 80.22393378440019,
    "sentKBytesPerSec" : 0.7456738444579596
  },
  "LOGIN PROCESS" : {
    "transaction" : "LOGIN PROCESS",
    "sampleCount" : 12,
    "errorCount" : 0,
    "errorPct" : 0.0,
    "meanResTime" : 13211.333333333332,
    "medianResTime" : 12574.0,
    "minResTime" : 7481.0,
    "maxResTime" : 17818.0,
    "pct1ResTime" : 17589.4,
    "pct2ResTime" : 17818.0,
    "pct3ResTime" : 17818.0,
    "throughput" : 0.6729097740144676,
    "receivedKBytesPerSec" : 560.7947257191723,
    "sentKBytesPerSec" : 1.1729921353670163
  },
  "SEARCH PROPERTY ADDRESS" : {
    "transaction" : "SEARCH PROPERTY ADDRESS",
    "sampleCount" : 12,
    "errorCount" : 0,
    "errorPct" : 0.0,
    "meanResTime" : 4399.500000000001,
    "medianResTime" : 4340.0,
    "minResTime" : 3069.0,
    "maxResTime" : 5479.0,
    "pct1ResTime" : 5459.5,
    "pct2ResTime" : 5479.0,
    "pct3ResTime" : 5479.0,
    "throughput" : 0.7310832216400633,
    "receivedKBytesPerSec" : 17.7088370636347,
    "sentKBytesPerSec" : 1.527016761605946
  },
  "Total" : {
    "transaction" : "Total",
    "sampleCount" : 144,
    "errorCount" : 0,
    "errorPct" : 0.0,
    "meanResTime" : 3807.7222222222204,
    "medianResTime" : 1990.5,
    "minResTime" : 300.0,
    "maxResTime" : 17087.0,
    "pct1ResTime" : 11002.5,
    "pct2ResTime" : 15036.5,
    "pct3ResTime" : 16861.100000000006,
    "throughput" : 3.9341037619867225,
    "receivedKBytesPerSec" : 594.404029809715,
    "sentKBytesPerSec" : 4.154906189383384
  },
  "GO TO TEST.COGITATE.US/GnC/POS" : {
    "transaction" : "GO TO TEST.COGITATE.US/GnC/POS",
    "sampleCount" : 12,
    "errorCount" : 0,
    "errorPct" : 0.0,
    "meanResTime" : 3074.5000000000005,
    "medianResTime" : 3071.0,
    "minResTime" : 2466.0,
    "maxResTime" : 3750.0,
    "pct1ResTime" : 3682.8,
    "pct2ResTime" : 3750.0,
    "pct3ResTime" : 3750.0,
    "throughput" : 3.0557677616501144,
    "receivedKBytesPerSec" : 11.086110580595875,
    "sentKBytesPerSec" : 0.4297173414820474
  },
  "LOGIN " : {
    "transaction" : "LOGIN ",
    "sampleCount" : 12,
    "errorCount" : 0,
    "errorPct" : 0.0,
    "meanResTime" : 12536.25,
    "medianResTime" : 12003.5,
    "minResTime" : 6820.0,
    "maxResTime" : 17087.0,
    "pct1ResTime" : 16922.0,
    "pct2ResTime" : 17087.0,
    "pct3ResTime" : 17087.0,
    "throughput" : 0.6979990693345742,
    "receivedKBytesPerSec" : 567.7472625349,
    "sentKBytesPerSec" : 0.6311983771521638
  },
  "GET QUOTE" : {
    "transaction" : "GET QUOTE",
    "sampleCount" : 12,
    "errorCount" : 0,
    "errorPct" : 0.0,
    "meanResTime" : 1070.1666666666665,
    "medianResTime" : 980.0,
    "minResTime" : 678.0,
    "maxResTime" : 1948.0,
    "pct1ResTime" : 1827.4000000000005,
    "pct2ResTime" : 1948.0,