{
  "QUOTE ESTIMATION" : {
    "transaction" : "QUOTE ESTIMATION",
    "sampleCount" : 8,
    "errorCount" : 1,
    "errorPct" : 12.5,
    "meanResTime" : 11789.375,
    "medianResTime" : 12787.5,
    "minResTime" : 735.0,
    "maxResTime" : 17529.0,
    "pct1ResTime" : 17529.0,
    "pct2ResTime" : 17529.0,
    "pct3ResTime" : 17529.0,
    "throughput" : 0.3521281746555746,
    "receivedKBytesPerSec" : 0.6990552373563977,
    "sentKBytesPerSec" : 0.715604229939698
  },
  "SEARCH PROPERTY ADDRESS-1" : {
    "transaction" : "SEARCH PROPERTY ADDRESS-1",
    "sampleCount" : 8,
    "errorCount" : 0,
    "errorPct" : 0.0,
    "meanResTime" : 3874.125,
    "medianResTime" : 4301.5,
    "minResTime" : 866.0,
    "maxResTime" : 5146.0,
    "pct1ResTime" : 5146.0,
    "pct2ResTime" : 5146.0,
    "pct3ResTime" : 5146.0,
    "throughput" : 0.8166598611678236,
    "receivedKBytesPerSec" : 9.43026809412005,
    "sentKBytesPerSec" : 0.7854569148121683
  },
  "SAVE COVERAGE PAGE" : {
    "transaction" : "SAVE COVERAGE PAGE",
    "sampleCount" : 16,
    "errorCount" : 2,
    "errorPct" : 12.5,
    "meanResTime" : 6407.875,
    "medianResTime" : 7139.0,
    "minResTime" : 518.0,
    "maxResTime" : 7782.0,
    "pct1ResTime" : 7782.0,
    "pct2ResTime" : 7782.0,
    "pct3ResTime" : 7782.0,
    "throughput" : 0.33907644054506536,
    "receivedKBytesPerSec" : 0.3309637718015555,
    "sentKBytesPerSec" : 1.4841216860576008
  },
  "SEARCH PROPERTY ADDRESS-0" : {
    "transaction" : "SEARCH PROPERTY ADDRESS-0",
    "sampleCount" : 8,
    "errorCount" : 0,
    "errorPct" : 0.0,
    "meanResTime" : 3923.25,
    "medianResTime" : 4136.0,
    "minResTime" : 773.0,
    "maxResTime" : 4899.0,
    "pct1ResTime" : 4899.0,
    "pct2ResTime" : 4899.0,
    "pct3ResTime" : 4899.0,
    "throughput" : 0.7659900421294523,
    "receivedKBytesPerSec" : 0.5193247917464573,
    "sentKBytesPerSec" : 0.8931563577173496
  },
  "SEARCH PROPERTY ADDRESS-2" : {
    "transaction" : "SEARCH PROPERTY ADDRESS-2",
    "sampleCount" : 7,
    "errorCount" : 0,
    "errorPct" : 0.0,
    "meanResTime" : 890.4285714285714,
    "medianResTime" : 925.0,
    "minResTime" : 408.0,
    "maxResTime" : 1582.0,
    "pct1ResTime" : 1582.0,
    "pct2ResTime" : 1582.0,
    "pct3ResTime" : 1582.0,
    "throughput" : 1.116249402009249,
    "receivedKBytesPerSec" : 26.33541924134907,
    "sentKBytesPerSec" : 1.0508441636102694
  },
  "GOTO COVERAGE PAGE" : {
    "transaction" : "GOTO COVERAGE PAGE",
    "sampleCount" : 8,
    "errorCount" : 1,
    "errorPct" : 12.5,
    "meanResTime" : 586.25,
    "medianResTime" : 480.5,
    "minResTime" : 398.0,
    "maxResTime" : 1003.0,
    "pct1ResTime" : 1003.0,
    "pct2ResTime" : 1003.0,
    "pct3ResTime" : 1003.0,
    "throughput" : 0.23537026685104004,
    "receivedKBytesPerSec" : 6.1689880365706555,
    "sentKBytesPerSec" : 0.19629512489334786
  },
  "CLICK GNERATE POLICY BUTTON" : {
    "transaction" : "CLICK GNERATE POLICY BUTTON",
    "sampleCount" : 8,
    "errorCount" : 4,
    "errorPct" : 50.0,
    "meanResTime" : 102594.99999999999,
    "medianResTime" : 110572.5,
    "minResTime" : 303.0,
    "maxResTime" : 134111.0,
    "pct1ResTime" : 134111.0,
    "pct2ResTime" : 134111.0,
    "pct3ResTime" : 134111.0,
    "throughput" : 0.04524733323529744,
    "receivedKBytesPerSec" : 0.09658140490141737,
    "sentKBytesPerSec" : 0.0438333540716944
  },
  "GO TO GENERATE QUOTE PAGE" : {
    "transaction" : "GO TO GENERATE QUOTE PAGE",
    "sampleCount" : 8,
    "errorCount" : 0,
    "errorPct" : 0.0,
    "meanResTime" : 805.5,
    "medianResTime" : 606.5,
    "minResTime" : 487.0,
    "maxResTime" : 2241.0,
    "pct1ResTime" : 2241.0,
    "pct2ResTime" : 2241.0,
    "pct3ResTime" : 2241.0,
    "throughput" : 0.955794504181601,
    "receivedKBytesPerSec" : 84.05064590800478,
    "sentKBytesPerSec" : 0.7812500000000001
  },
  "GOTO PROPERTY PAGE" : {
    "transaction" : "GOTO PROPERTY PAGE",
    "sampleCount" : 8,
    "errorCount" : 1,
    "errorPct" : 12.5,
    "meanResTime" : 881.375,
    "medianResTime" : 499.5,
    "minResTime" : 359.0,
    "maxResTime" : 1867.0,
    "pct1ResTime" : 1867.0,
    "pct2ResTime" : 1867.0,
    "pct3ResTime" : 1867.0,
    "throughput" : 0.2953882509323192,
    "receivedKBytesPerSec" : 5.931238865247573,
    "sentKBytesPerSec" : 0.245195325480929
  },
  "GOTO POLICY HOLDER PAGE" : {
    "transaction" : "GOTO POLICY HOLDER PAGE",
    "sampleCount" : 8,
    "errorCount" : 1,
    "errorPct" : 12.5,
    "meanResTime" : 540.25,
    "medianResTime" : 538.0,
    "minResTime" : 366.0,
    "maxResTime" : 723.0,
    "pct1ResTime" : 723.0,
    "pct2ResTime" : 723.0,
    "pct3ResTime" : 723.0,
    "throughput" : 0.35381009243288664,
    "receivedKBytesPerSec" : 26.490882825284153,
    "sentKBytesPerSec" : 0.29058035911724384
  },
  "GOTO APPLICATION SUMMARY PAGE" : {
    "transaction" : "GOTO APPLICATION SUMMARY PAGE",
    "sampleCount" : 8,
    "errorCount" : 1,
    "errorPct" : 12.5,
    "meanResTime" : 1416.875,
    "medianResTime" : 1521.5,
    "minResTime" : 394.0,
    "maxResTime" : 1974.0,
    "pct1ResTime" : 1974.0,
    "pct2ResTime" : 1974.0,
    "pct3ResTime" : 1974.0,
    "throughput" : 0.19090345057986924,
    "receivedKBytesPerSec" : 4.347085031081468,
    "sentKBytesPerSec" : 0.15399047869040233
  },
  "GOTO HOME PAGE" : {
    "transaction" : "GOTO HOME PAGE",
    "sampleCount" : 8,
    "errorCount" : 0,
    "errorPct" : 0.0,
    "meanResTime" : 805.5,
    "medianResTime" : 606.5,
    "minResTime" : 487.0,
    "maxResTime" : 2241.0,
    "pct1ResTime" : 2241.0,
    "pct2ResTime" : 2241.0,
    "pct3ResTime" : 2241.0,
    "throughput" : 0.9513616363420145,
    "receivedKBytesPerSec" : 83.66082842787489,
    "sentKBytesPerSec" : 0.7776266500178379
  },
  "GOTO VIEW POLICY PAGE" : {
    "transaction" : "GOTO VIEW POLICY PAGE",
    "sampleCount" : 8,
    "errorCount" : 0,
    "errorPct" : 0.0,
    "meanResTime" : 1525.625,
    "medianResTime" : 1443.0,
    "minResTime" : 305.0,
    "maxResTime" : 2175.0,
    "pct1ResTime" : 2175.0,
    "pct2ResTime" : 2175.0,
    "pct3ResTime" : 2175.0,
    "throughput" : 0.04477352988912955,
    "receivedKBytesPerSec" : 0.8691486593126144,
    "sentKBytesPerSec" : 0.03607242398294128
  },
  "CREATE POLICY USING GENERATE QUOTE BUTTON" : {
    "transaction" : "CREATE POLICY USING GENERATE QUOTE BUTTON",
    "sampleCount" : 8,
    "errorCount" : 4,
    "errorPct" : 50.0,
    "meanResTime" : 104120.625,
    "medianResTime" : 112260.0,
    "minResTime" : 608.0,
    "maxResTime" : 136286.0,
    "pct1ResTime" : 136286.0,
    "pct2ResTime" : 136286.0,
    "pct3ResTime" : 136286.0,
    "throughput" : 0.0446854978802317,
    "receivedKBytesPerSec" : 0.9628219275927364,
    "sentKBytesPerSec" : 0.07929057582849706
  },
  "LOGIN PROCESS" : {
    "transaction" : "LOGIN PROCESS",
    "sampleCount" : 8,
    "errorCount" : 0,
    "errorPct" : 0.0,
    "meanResTime" : 3375.1250000000005,
    "medianResTime" : 3156.0,
    "minResTime" : 2994.0,
    "maxResTime" : 3931.0,
    "pct1ResTime" : 3931.0,
    "pct2ResTime" : 3931.0,
    "pct3ResTime" : 3931.0,
    "throughput" : 0.8650519031141869,
    "receivedKBytesPerSec" : 720.9236118620242,
    "sentKBytesPerSec" : 1.5079273897058825
  },
  "SAVE PROPERTY PAGE" : {
    "transaction" : "SAVE PROPERTY PAGE",
    "sampleCount" : 8,
    "errorCount" : 0,
    "errorPct" : 0.0,
    "meanResTime" : 3703.125,
    "medianResTime" : 3985.5,
    "minResTime" : 713.0,
    "maxResTime" : 5125.0,
    "pct1ResTime" : 5125.0,
    "pct2ResTime" : 5125.0,
    "pct3ResTime" : 5125.0,
    "throughput" : 0.26198585276395076,
    "receivedKBytesPerSec" : 0.12027939358462142,
    "sentKBytesPerSec" : 0.38530341236573223
  },
  "APPLICATION FORM SUMMARY PAGE" : {
    "transaction" : "APPLICATION FORM SUMMARY PAGE",
    "sampleCount" : 8,
    "errorCount" : 1,
    "errorPct" : 12.5,
    "meanResTime" : 1475.375,
    "medianResTime" : 1414.0,
    "minResTime" : 335.0,
    "maxResTime" : 2390.0,