{
  "QUOTE ESTIMATION" : {
    "transaction" : "QUOTE ESTIMATION",
    "sampleCount" : 8,
    "errorCount" : 0,
    "errorPct" : 0.0,
    "meanResTime" : 6480.375,
    "medianResTime" : 5548.0,
    "minResTime" : 3888.0,
    "maxResTime" : 11018.0,
    "pct1ResTime" : 11018.0,
    "pct2ResTime" : 11018.0,
    "pct3ResTime" : 11018.0,
    "throughput" : 0.4370629370629371,
    "receivedKBytesPerSec" : 0.9611970061188811,
    "sentKBytesPerSec" : 0.8882109101835665
  },
  "SEARCH PROPERTY ADDRESS-1" : {
    "transaction" : "SEARCH PROPERTY ADDRESS-1",
    "sampleCount" : 8,
    "errorCount" : 0,
    "errorPct" : 0.0,
    "meanResTime" : 1824.25,
    "medianResTime" : 1745.5,
    "minResTime" : 1464.0,
    "maxResTime" : 2266.0,
    "pct1ResTime" : 2266.0,
    "pct2ResTime" : 2266.0,
    "pct3ResTime" : 2266.0,
    "throughput" : 0.7388935069733075,
    "receivedKBytesPerSec" : 0.46830262307194975,
    "sentKBytesPerSec" : 0.7143599334995844
  },
  "SAVE COVERAGE PAGE" : {
    "transaction" : "SAVE COVERAGE PAGE",
    "sampleCount" : 16,
    "errorCount" : 0,
    "errorPct" : 0.0,
    "meanResTime" : 4524.25,
    "medianResTime" : 4707.5,
    "minResTime" : 2004.0,
    "maxResTime" : 7354.0,
    "pct1ResTime" : 7354.0,
    "pct2ResTime" : 7354.0,
    "pct3ResTime" : 7354.0,
    "throughput" : 1.0589013898080741,
    "receivedKBytesPerSec" : 0.6369953673064196,
    "sentKBytesPerSec" : 4.6347617471872935
  },
  "SEARCH PROPERTY ADDRESS-0" : {
    "transaction" : "SEARCH PROPERTY ADDRESS-0",
    "sampleCount" : 8,
    "errorCount" : 0,
    "errorPct" : 0.0,
    "meanResTime" : 1936.625,
    "medianResTime" : 1922.0,
    "minResTime" : 1489.0,
    "maxResTime" : 2300.0,
    "pct1ResTime" : 2300.0,
    "pct2ResTime" : 2300.0,
    "pct3ResTime" : 2300.0,
    "throughput" : 0.7593014426727411,
    "receivedKBytesPerSec" : 0.5227612471526196,
    "sentKBytesPerSec" : 0.8853573462414579
  },
  "SEARCH PROPERTY ADDRESS-2" : {
    "transaction" : "SEARCH PROPERTY ADDRESS-2",
    "sampleCount" : 8,
    "errorCount" : 0,
    "errorPct" : 0.0,
    "meanResTime" : 689.625,
    "medianResTime" : 538.0,
    "minResTime" : 389.0,
    "maxResTime" : 1323.0,
    "pct1ResTime" : 1323.0,
    "pct2ResTime" : 1323.0,
    "pct3ResTime" : 1323.0,
    "throughput" : 0.8294453084499741,
    "receivedKBytesPerSec" : 19.56952274494557,
    "sentKBytesPerSec" : 0.7808449974079834
  },
  "GOTO COVERAGE PAGE" : {
    "transaction" : "GOTO COVERAGE PAGE",
    "sampleCount" : 8,
    "errorCount" : 0,
    "errorPct" : 0.0,
    "meanResTime" : 535.25,
    "medianResTime" : 477.5,
    "minResTime" : 389.0,
    "maxResTime" : 955.0,
    "pct1ResTime" : 955.0,
    "pct2ResTime" : 955.0,
    "pct3ResTime" : 955.0,
    "throughput" : 1.0887316276537835,
    "receivedKBytesPerSec" : 32.183901018984756,
    "sentKBytesPerSec" : 0.9079851660315732
  },
  "CLICK GNERATE POLICY BUTTON" : {
    "transaction" : "CLICK GNERATE POLICY BUTTON",
    "sampleCount" : 8,
    "errorCount" : 3,
    "errorPct" : 37.5,
    "meanResTime" : 123952.625,
    "medianResTime" : 119954.0,
    "minResTime" : 104758.0,
    "maxResTime" : 148551.0,
    "pct1ResTime" : 148551.0,
    "pct2ResTime" : 148551.0,
    "pct3ResTime" : 148551.0,
    "throughput" : 0.05326870064321956,
    "receivedKBytesPerSec" : 0.09519049178663223,
    "sentKBytesPerSec" : 0.05160405374811895
  },
  "GO TO GENERATE QUOTE PAGE" : {
    "transaction" : "GO TO GENERATE QUOTE PAGE",
    "sampleCount" : 8,
    "errorCount" : 0,
    "errorPct" : 0.0,
    "meanResTime" : 1875.5000000000002,
    "medianResTime" : 1942.0,
    "minResTime" : 1372.0,
    "maxResTime" : 2383.0,
    "pct1ResTime" : 2383.0,
    "pct2ResTime" : 2383.0,
    "pct3ResTime" : 2383.0,
    "throughput" : 0.7576475044985321,
    "receivedKBytesPerSec" : 66.62590488564258,
    "sentKBytesPerSec" : 0.6192880481106166
  },
  "GOTO PROPERTY PAGE" : {
    "transaction" : "GOTO PROPERTY PAGE",
    "sampleCount" : 8,
    "errorCount" : 0,
    "errorPct" : 0.0,
    "meanResTime" : 578.875,
    "medianResTime" : 484.0,
    "minResTime" : 378.0,
    "maxResTime" : 927.0,
    "pct1ResTime" : 927.0,
    "pct2ResTime" : 927.0,
    "pct3ResTime" : 927.0,
    "throughput" : 1.0791852151625523,
    "receivedKBytesPerSec" : 24.18273324733576,
    "sentKBytesPerSec" : 0.8958080399298529
  },
  "GOTO POLICY HOLDER PAGE" : {
    "transaction" : "GOTO POLICY HOLDER PAGE",
    "sampleCount" : 8,
    "errorCount" : 0,
    "errorPct" : 0.0,
    "meanResTime" : 1972.1250000000002,
    "medianResTime" : 1932.0,
    "minResTime" : 1202.0,
    "maxResTime" : 2887.0,
    "pct1ResTime" : 2887.0,
    "pct2ResTime" : 2887.0,
    "pct3ResTime" : 2887.0,
    "throughput" : 0.9450679267572357,
    "receivedKBytesPerSec" : 38.3084760779681,
    "sentKBytesPerSec" : 0.7761739515652688
  },
  "GOTO APPLICATION SUMMARY PAGE" : {
    "transaction" : "GOTO APPLICATION SUMMARY PAGE",
    "sampleCount" : 8,
    "errorCount" : 0,
    "errorPct" : 0.0,
    "meanResTime" : 3065.5000000000005,
    "medianResTime" : 3153.5,
    "minResTime" : 2460.0,
    "maxResTime" : 3762.0,
    "pct1ResTime" : 3762.0,
    "pct2ResTime" : 3762.0,
    "pct3ResTime" : 3762.0,
    "throughput" : 1.6326530612244898,
    "receivedKBytesPerSec" : 41.85427295918367,
    "sentKBytesPerSec" : 1.3169642857142856
  },
  "GOTO HOME PAGE" : {
    "transaction" : "GOTO HOME PAGE",
    "sampleCount" : 8,
    "errorCount" : 0,
    "errorPct" : 0.0,
    "meanResTime" : 1875.5000000000002,
    "medianResTime" : 1942.0,
    "minResTime" : 1372.0,
    "maxResTime" : 2383.0,
    "pct1ResTime" : 2383.0,
    "pct2ResTime" : 2383.0,
    "pct3ResTime" : 2383.0,
    "throughput" : 0.7565011820330969,
    "receivedKBytesPerSec" : 66.52509973404256,
    "sentKBytesPerSec" : 0.6183510638297873
  },
  "GOTO VIEW POLICY PAGE" : {
    "transaction" : "GOTO VIEW POLICY PAGE",
    "sampleCount" : 8,
    "errorCount" : 0,
    "errorPct" : 0.0,
    "meanResTime" : 2960.625,
    "medianResTime" : 2058.0,
    "minResTime" : 1608.0,
    "maxResTime" : 6201.0,
    "pct1ResTime" : 6201.0,
    "pct2ResTime" : 6201.0,
    "pct3ResTime" : 6201.0,
    "throughput" : 0.1701331291735783,
    "receivedKBytesPerSec" : 20.03068377567947,
    "sentKBytesPerSec" : 0.13707014801582237
  },
  "CREATE POLICY USING GENERATE QUOTE BUTTON" : {
    "transaction" : "CREATE POLICY USING GENERATE QUOTE BUTTON",
    "sampleCount" : 8,
    "errorCount" : 3,
    "errorPct" : 37.5,
    "meanResTime" : 126913.25,
    "medianResTime" : 122019.0,
    "minResTime" : 106383.0,
    "maxResTime" : 150718.0,
    "pct1ResTime" : 150718.0,
    "pct2ResTime" : 150718.0,
    "pct3ResTime" : 150718.0,
    "throughput" : 0.05250584127484183,
    "receivedKBytesPerSec" : 6.275620953358405,
    "sentKBytesPerSec" : 0.09316710312147226
  },
  "LOGIN PROCESS" : {
    "transaction" : "LOGIN PROCESS",
    "sampleCount" : 8,
    "errorCount" : 0,
    "errorPct" : 0.0,
    "meanResTime" : 35624.875,
    "medianResTime" : 36071.0,
    "minResTime" : 30102.0,
    "maxResTime" : 39240.0,
    "pct1ResTime" : 39240.0,
    "pct2ResTime" : 39240.0,
    "pct3ResTime" : 39240.0,
    "throughput" : 0.2038528182652125,
    "receivedKBytesPerSec" : 169.88843039700336,
    "sentKBytesPerSec" : 0.35534890683926207
  },
  "SAVE PROPERTY PAGE" : {
    "transaction" : "SAVE PROPERTY PAGE",
    "sampleCount" : 8,
    "errorCount" : 0,
    "errorPct" : 0.0,
    "meanResTime" : 1574.7500000000002,
    "medianResTime" : 1573.0,
    "minResTime" : 1376.0,
    "maxResTime" : 1870.0,
    "pct1ResTime" : 1870.0,
    "pct2ResTime" : 1870.0,
    "pct3ResTime" : 1870.0,
    "throughput" : 0.9394081728511039,
    "receivedKBytesPerSec" : 0.43117367308595583,
    "sentKBytesPerSec" : 1.3815905354626585
  },
  "APPLICATION FORM SUMMARY PAGE" : {
    "transaction" : "APPLICATION FORM SUMMARY PAGE",
    "sampleCount" : 8,
    "errorCount" : 0,
    "errorPct" : 0.0,
    "meanResTime" : 2344.75,
    "medianResTime" : 1883.5,
    "minResTime" : 1208.0,