{
  "QUOTE ESTIMATION" : {
    "transaction" : "QUOTE ESTIMATION",
    "sampleCount" : 8,
    "errorCount" : 0,
    "errorPct" : 0.0,
    "meanResTime" : 14802.125,
    "medianResTime" : 14726.0,
    "minResTime" : 11799.0,
    "maxResTime" : 17609.0,
    "pct1ResTime" : 17609.0,
    "pct2ResTime" : 17609.0,
    "pct3ResTime" : 17609.0,
    "throughput" : 0.42973785990545765,
    "receivedKBytesPerSec" : 0.943828561452514,
    "sentKBytesPerSec" : 0.8733246938117748
  },
  "SEARCH PROPERTY ADDRESS-1" : {
    "transaction" : "SEARCH PROPERTY ADDRESS-1",
    "sampleCount" : 8,
    "errorCount" : 0,
    "errorPct" : 0.0,
    "meanResTime" : 4079.25,
    "medianResTime" : 4034.0,
    "minResTime" : 3787.0,
    "maxResTime" : 4634.0,
    "pct1ResTime" : 4634.0,
    "pct2ResTime" : 4634.0,
    "pct3ResTime" : 4634.0,
    "throughput" : 0.7019391067824866,
    "receivedKBytesPerSec" : 0.4448813284197596,
    "sentKBytesPerSec" : 0.6786325348775993
  },
  "SAVE COVERAGE PAGE" : {
    "transaction" : "SAVE COVERAGE PAGE",
    "sampleCount" : 16,
    "errorCount" : 0,
    "errorPct" : 0.0,
    "meanResTime" : 8462.749999999998,
    "medianResTime" : 8466.5,
    "minResTime" : 8311.0,
    "maxResTime" : 8583.0,
    "pct1ResTime" : 8583.0,
    "pct2ResTime" : 8583.0,
    "pct3ResTime" : 8583.0,
    "throughput" : 1.073897577018592,
    "receivedKBytesPerSec" : 0.650080332572656,
    "sentKBytesPerSec" : 4.700399355661454
  },
  "SEARCH PROPERTY ADDRESS-0" : {
    "transaction" : "SEARCH PROPERTY ADDRESS-0",
    "sampleCount" : 8,
    "errorCount" : 0,
    "errorPct" : 0.0,
    "meanResTime" : 4326.875,
    "medianResTime" : 4382.5,
    "minResTime" : 3542.0,
    "maxResTime" : 4908.0,
    "pct1ResTime" : 4908.0,
    "pct2ResTime" : 4908.0,
    "pct3ResTime" : 4908.0,
    "throughput" : 0.7335411699981661,
    "receivedKBytesPerSec" : 0.5050259031725656,
    "sentKBytesPerSec" : 0.8553204657986428
  },
  "SEARCH PROPERTY ADDRESS-2" : {
    "transaction" : "SEARCH PROPERTY ADDRESS-2",
    "sampleCount" : 8,
    "errorCount" : 0,
    "errorPct" : 0.0,
    "meanResTime" : 528.375,
    "medianResTime" : 399.0,
    "minResTime" : 365.0,
    "maxResTime" : 1075.0,
    "pct1ResTime" : 1075.0,
    "pct2ResTime" : 1075.0,
    "pct3ResTime" : 1075.0,
    "throughput" : 1.1218622914037302,
    "receivedKBytesPerSec" : 26.48865867339784,
    "sentKBytesPerSec" : 1.0561281727667928
  },
  "GOTO COVERAGE PAGE" : {
    "transaction" : "GOTO COVERAGE PAGE",
    "sampleCount" : 8,
    "errorCount" : 0,
    "errorPct" : 0.0,
    "meanResTime" : 437.0,
    "medianResTime" : 438.0,
    "minResTime" : 375.0,
    "maxResTime" : 490.0,
    "pct1ResTime" : 490.0,
    "pct2ResTime" : 490.0,
    "pct3ResTime" : 490.0,
    "throughput" : 14.869888475836431,
    "receivedKBytesPerSec" : 439.56748083178434,
    "sentKBytesPerSec" : 12.401254646840147
  },
  "CLICK GNERATE POLICY BUTTON" : {
    "transaction" : "CLICK GNERATE POLICY BUTTON",
    "sampleCount" : 8,
    "errorCount" : 5,
    "errorPct" : 62.5,
    "meanResTime" : 123952.0,
    "medianResTime" : 120790.0,
    "minResTime" : 109374.0,
    "maxResTime" : 147346.0,
    "pct1ResTime" : 147346.0,
    "pct2ResTime" : 147346.0,
    "pct3ResTime" : 147346.0,
    "throughput" : 0.05426340814900732,
    "receivedKBytesPerSec" : 0.14224272785544229,
    "sentKBytesPerSec" : 0.05256767664435084
  },
  "GO TO GENERATE QUOTE PAGE" : {
    "transaction" : "GO TO GENERATE QUOTE PAGE",
    "sampleCount" : 8,
    "errorCount" : 0,
    "errorPct" : 0.0,
    "meanResTime" : 908.125,
    "medianResTime" : 805.5,
    "minResTime" : 719.0,
    "maxResTime" : 1327.0,
    "pct1ResTime" : 1327.0,
    "pct2ResTime" : 1327.0,
    "pct3ResTime" : 1327.0,
    "throughput" : 1.0866612333605,
    "receivedKBytesPerSec" : 95.5577416123336,
    "sentKBytesPerSec" : 0.8882182151589242
  },
  "GOTO PROPERTY PAGE" : {
    "transaction" : "GOTO PROPERTY PAGE",
    "sampleCount" : 8,
    "errorCount" : 0,
    "errorPct" : 0.0,
    "meanResTime" : 391.125,
    "medianResTime" : 390.5,
    "minResTime" : 354.0,
    "maxResTime" : 424.0,
    "pct1ResTime" : 424.0,
    "pct2ResTime" : 424.0,
    "pct3ResTime" : 424.0,
    "throughput" : 7.633587786259541,
    "receivedKBytesPerSec" : 171.06244036259542,
    "sentKBytesPerSec" : 6.336474236641221
  },
  "GOTO POLICY HOLDER PAGE" : {
    "transaction" : "GOTO POLICY HOLDER PAGE",
    "sampleCount" : 8,
    "errorCount" : 0,
    "errorPct" : 0.0,
    "meanResTime" : 1937.125,
    "medianResTime" : 1910.0,
    "minResTime" : 1799.0,
    "maxResTime" : 2108.0,
    "pct1ResTime" : 2108.0,
    "pct2ResTime" : 2108.0,
    "pct3ResTime" : 2108.0,
    "throughput" : 2.849002849002849,
    "receivedKBytesPerSec" : 213.10485665954417,
    "sentKBytesPerSec" : 2.339854878917379
  },
  "GOTO APPLICATION SUMMARY PAGE" : {
    "transaction" : "GOTO APPLICATION SUMMARY PAGE",
    "sampleCount" : 8,
    "errorCount" : 0,
    "errorPct" : 0.0,
    "meanResTime" : 1040.25,
    "medianResTime" : 1036.0,
    "minResTime" : 896.0,
    "maxResTime" : 1237.0,
    "pct1ResTime" : 1237.0,
    "pct2ResTime" : 1237.0,
    "pct3ResTime" : 1237.0,
    "throughput" : 5.847953216374268,
    "receivedKBytesPerSec" : 149.91662097953215,
    "sentKBytesPerSec" : 4.7171966374269
  },
  "GOTO HOME PAGE" : {
    "transaction" : "GOTO HOME PAGE",
    "sampleCount" : 8,
    "errorCount" : 0,
    "errorPct" : 0.0,
    "meanResTime" : 908.125,
    "medianResTime" : 805.5,
    "minResTime" : 719.0,
    "maxResTime" : 1327.0,
    "pct1ResTime" : 1327.0,
    "pct2ResTime" : 1327.0,
    "pct3ResTime" : 1327.0,
    "throughput" : 1.0936431989063566,
    "receivedKBytesPerSec" : 96.17171479835953,
    "sentKBytesPerSec" : 0.8939251537935748
  },
  "GOTO VIEW POLICY PAGE" : {
    "transaction" : "GOTO VIEW POLICY PAGE",
    "sampleCount" : 8,
    "errorCount" : 0,
    "errorPct" : 0.0,
    "meanResTime" : 1759.875,
    "medianResTime" : 1747.0,
    "minResTime" : 1506.0,
    "maxResTime" : 2115.0,
    "pct1ResTime" : 2115.0,
    "pct2ResTime" : 2115.0,
    "pct3ResTime" : 2115.0,
    "throughput" : 0.20062192797672784,
    "receivedKBytesPerSec" : 3.894127459185977,
    "sentKBytesPerSec" : 0.16163387752031297
  },
  "CREATE POLICY USING GENERATE QUOTE BUTTON" : {
    "transaction" : "CREATE POLICY USING GENERATE QUOTE BUTTON",
    "sampleCount" : 8,
    "errorCount" : 5,
    "errorPct" : 62.5,
    "meanResTime" : 125711.875,
    "medianResTime" : 122373.5,
    "minResTime" : 111327.0,
    "maxResTime" : 149461.0,
    "pct1ResTime" : 149461.0,
    "pct2ResTime" : 149461.0,
    "pct3ResTime" : 149461.0,
    "throughput" : 0.05348380109374373,
    "receivedKBytesPerSec" : 1.1783345791994813,
    "sentKBytesPerSec" : 0.09490240877669176
  },
  "LOGIN PROCESS" : {
    "transaction" : "LOGIN PROCESS",
    "sampleCount" : 8,
    "errorCount" : 0,
    "errorPct" : 0.0,
    "meanResTime" : 11906.75,
    "medianResTime" : 11618.0,
    "minResTime" : 9105.0,
    "maxResTime" : 14438.0,
    "pct1ResTime" : 14438.0,
    "pct2ResTime" : 14438.0,
    "pct3ResTime" : 14438.0,
    "throughput" : 0.5272871078302136,
    "receivedKBytesPerSec" : 439.4345875626153,
    "sentKBytesPerSec" : 0.9191479369891906
  },
  "SAVE PROPERTY PAGE" : {
    "transaction" : "SAVE PROPERTY PAGE",
    "sampleCount" : 8,
    "errorCount" : 0,
    "errorPct" : 0.0,
    "meanResTime" : 4323.25,
    "medianResTime" : 4336.0,
    "minResTime" : 4185.0,
    "maxResTime" : 4434.0,
    "pct1ResTime" : 4434.0,
    "pct2ResTime" : 4434.0,
    "pct3ResTime" : 4434.0,
    "throughput" : 1.6155088852988693,
    "receivedKBytesPerSec" : 0.7414933360258481,
    "sentKBytesPerSec" : 2.3759339660743133
  },
  "APPLICATION FORM SUMMARY PAGE" : {
    "transaction" : "APPLICATION FORM SUMMARY PAGE",
    "sampleCount" : 8,
    "errorCount" : 0,
    "errorPct" : 0.0,
    "meanResTime" : 911.125,
    "medianResTime" : 905.5,
    "minResTime" : 857.0,
    "maxResTime" : 967.0,
    "pct1ResTime" : 967.0,