{
  "QUOTE ESTIMATION" : {
    "transaction" : "QUOTE ESTIMATION",
    "sampleCount" : 20,
    "errorCount" : 0,
    "errorPct" : 0.0,
    "meanResTime" : 1487.75,
    "medianResTime" : 650.0,
    "minResTime" : 503.0,
    "maxResTime" : 8818.0,
    "pct1ResTime" : 4673.900000000003,
    "pct2ResTime" : 8618.199999999997,
    "pct3ResTime" : 8818.0,
    "throughput" : 1.6015374759769379,
    "receivedKBytesPerSec" : 1.3509062449951954,
    "sentKBytesPerSec" : 3.2546869995195387
  },
  "SEARCH PROPERTY ADDRESS-1" : {
    "transaction" : "SEARCH PROPERTY ADDRESS-1",
    "sampleCount" : 20,
    "errorCount" : 0,
    "errorPct" : 0.0,
    "meanResTime" : 910.25,
    "medianResTime" : 823.0,
    "minResTime" : 458.0,
    "maxResTime" : 1675.0,
    "pct1ResTime" : 1411.8000000000002,
    "pct2ResTime" : 1662.35,
    "pct3ResTime" : 1675.0,
    "throughput" : 1.678556441460344,
    "receivedKBytesPerSec" : 126.0272142519933,
    "sentKBytesPerSec" : 1.552009022240873
  },
  "SEARCH PROPERTY ADDRESS-0" : {
    "transaction" : "SEARCH PROPERTY ADDRESS-0",
    "sampleCount" : 20,
    "errorCount" : 0,
    "errorPct" : 0.0,
    "meanResTime" : 790.3000000000001,
    "medianResTime" : 373.5,
    "minResTime" : 303.0,
    "maxResTime" : 2646.0,
    "pct1ResTime" : 2596.800000000001,
    "pct2ResTime" : 2645.85,
    "pct3ResTime" : 2646.0,
    "throughput" : 1.6490765171503958,
    "receivedKBytesPerSec" : 0.9897679955474934,
    "sentKBytesPerSec" : 1.9437845275395778
  },
  "GOTO QUOTE PAGE" : {
    "transaction" : "GOTO QUOTE PAGE",
    "sampleCount" : 20,
    "errorCount" : 16,
    "errorPct" : 80.0,
    "meanResTime" : 442.85,
    "medianResTime" : 401.0,
    "minResTime" : 314.0,
    "maxResTime" : 715.0,
    "pct1ResTime" : 613.0000000000002,
    "pct2ResTime" : 710.3499999999999,
    "pct3ResTime" : 715.0,
    "throughput" : 1.8150467374534893,
    "receivedKBytesPerSec" : 12.81043680234141,
    "sentKBytesPerSec" : 1.515493125510482
  },
  "QUOTE CREATION" : {
    "transaction" : "QUOTE CREATION",
    "sampleCount" : 20,
    "errorCount" : 16,
    "errorPct" : 80.0,
    "meanResTime" : 5126.0,
    "medianResTime" : 4249.5,
    "minResTime" : 3273.0,
    "maxResTime" : 13894.0,
    "pct1ResTime" : 9381.200000000004,
    "pct2ResTime" : 13676.499999999996,
    "pct3ResTime" : 13894.0,
    "throughput" : 1.2076565424793189,
    "receivedKBytesPerSec" : 101.53572870750558,
    "sentKBytesPerSec" : 8.44628381438319
  },
  "GO TO GENERATE QUOTE PAGE" : {
    "transaction" : "GO TO GENERATE QUOTE PAGE",
    "sampleCount" : 20,
    "errorCount" : 0,
    "errorPct" : 0.0,
    "meanResTime" : 1002.3,
    "medianResTime" : 939.0,
    "minResTime" : 608.0,
    "maxResTime" : 1744.0,
    "pct1ResTime" : 1214.4,
    "pct2ResTime" : 1717.6999999999996,
    "pct3ResTime" : 1744.0,
    "throughput" : 1.96811651249754,
    "receivedKBytesPerSec" : 173.07614688914583,
    "sentKBytesPerSec" : 1.6087046103129303
  },
  "LOGIN -0" : {
    "transaction" : "LOGIN -0",
    "sampleCount" : 20,
    "errorCount" : 0,
    "errorPct" : 0.0,
    "meanResTime" : 1485.8999999999999,
    "medianResTime" : 1484.5,
    "minResTime" : 1421.0,
    "maxResTime" : 1606.0,
    "pct1ResTime" : 1550.1000000000001,
    "pct2ResTime" : 1603.3,
    "pct3ResTime" : 1606.0,
    "throughput" : 12.437810945273633,
    "receivedKBytesPerSec" : 8.915384017412935,
    "sentKBytesPerSec" : 7.032707555970148
  },
  "GOTO URL" : {
    "transaction" : "GOTO URL",
    "sampleCount" : 20,
    "errorCount" : 0,
    "errorPct" : 0.0,
    "meanResTime" : 3296.5499999999993,
    "medianResTime" : 3318.5,
    "minResTime" : 2839.0,
    "maxResTime" : 3628.0,
    "pct1ResTime" : 3604.1,
    "pct2ResTime" : 3627.05,
    "pct3ResTime" : 3628.0,
    "throughput" : 5.512679162072767,
    "receivedKBytesPerSec" : 19.999612389746417,
    "sentKBytesPerSec" : 0.7752205071664829
  },
  "LOGIN -1" : {
    "transaction" : "LOGIN -1",
    "sampleCount" : 20,
    "errorCount" : 0,
    "errorPct" : 0.0,
    "meanResTime" : 18624.800000000003,
    "medianResTime" : 18649.5,
    "minResTime" : 13328.0,
    "maxResTime" : 22472.0,
    "pct1ResTime" : 22173.8,
    "pct2ResTime" : 22458.0,
    "pct3ResTime" : 22472.0,
    "throughput" : 0.8891259891526629,
    "receivedKBytesPerSec" : 722.5711578643194,
    "sentKBytesPerSec" : 0.3012956232773184
  },
  "GOTO APPLICATION STATUS" : {
    "transaction" : "GOTO APPLICATION STATUS",
    "sampleCount" : 20,
    "errorCount" : 0,
    "errorPct" : 0.0,
    "meanResTime" : 403.25000000000006,
    "medianResTime" : 338.0,
    "minResTime" : 287.0,
    "maxResTime" : 721.0,
    "pct1ResTime" : 605.9,
    "pct2ResTime" : 715.3,
    "pct3ResTime" : 721.0,
    "throughput" : 2.1231422505307855,
    "receivedKBytesPerSec" : 42.452478105095544,
    "sentKBytesPerSec" : 1.7810343683651806
  },
  "GOTO HOME PAGE" : {
    "transaction" : "GOTO HOME PAGE",
    "sampleCount" : 20,
    "errorCount" : 0,
    "errorPct" : 0.0,
    "meanResTime" : 1002.3,
    "medianResTime" : 939.0,
    "minResTime" : 608.0,
    "maxResTime" : 1744.0,
    "pct1ResTime" : 1214.4,
    "pct2ResTime" : 1717.6999999999996,
    "pct3ResTime" : 1744.0,
    "throughput" : 1.9821605550049552,
    "receivedKBytesPerSec" : 174.3111798500991,
    "sentKBytesPerSec" : 1.6201839692765114
  },
  "LOGIN PROCESS" : {
    "transaction" : "LOGIN PROCESS",
    "sampleCount" : 20,
    "errorCount" : 0,
    "errorPct" : 0.0,
    "meanResTime" : 20516.750000000004,
    "medianResTime" : 20466.0,
    "minResTime" : 15090.0,
    "maxResTime" : 24188.0,
    "pct1ResTime" : 24040.7,
    "pct2ResTime" : 24181.9,
    "pct3ResTime" : 24188.0,
    "throughput" : 0.8244023083264633,
    "receivedKBytesPerSec" : 687.0467397464962,
    "sentKBytesPerSec" : 1.4370684769167352
  },
  "SEARCH PROPERTY ADDRESS" : {
    "transaction" : "SEARCH PROPERTY ADDRESS",
    "sampleCount" : 20,
    "errorCount" : 0,
    "errorPct" : 0.0,
    "meanResTime" : 1701.8000000000002,
    "medianResTime" : 1382.5,
    "minResTime" : 1034.0,
    "maxResTime" : 3179.0,
    "pct1ResTime" : 3131.000000000001,
    "pct2ResTime" : 3178.65,
    "pct3ResTime" : 3179.0,
    "throughput" : 1.5796540557617882,
    "receivedKBytesPerSec" : 119.549653586802,
    "sentKBytesPerSec" : 3.322518462206777
  },
  "Total" : {
    "transaction" : "Total",
    "sampleCount" : 240,
    "errorCount" : 16,
    "errorPct" : 6.6666665,
    "meanResTime" : 4312.737500000002,
    "medianResTime" : 1280.5,
    "minResTime" : 287.0,
    "maxResTime" : 23901.0,
    "pct1ResTime" : 18570.0,
    "pct2ResTime" : 21226.949999999997,
    "pct3ResTime" : 23562.33,
    "throughput" : 5.842685687854518,
    "receivedKBytesPerSec" : 924.1696140023614,
    "sentKBytesPerSec" : 6.1848403607858415
  },
  "GO TO TEST.COGITATE.US/GnC/POS" : {
    "transaction" : "GO TO TEST.COGITATE.US/GnC/POS",
    "sampleCount" : 20,
    "errorCount" : 0,
    "errorPct" : 0.0,
    "meanResTime" : 3296.5499999999997,
    "medianResTime" : 3318.5,
    "minResTime" : 2839.0,
    "maxResTime" : 3628.0,
    "pct1ResTime" : 3604.1,
    "pct2ResTime" : 3627.05,
    "pct3ResTime" : 3628.0,
    "throughput" : 5.288207297726071,
    "receivedKBytesPerSec" : 19.185244249074564,
    "sentKBytesPerSec" : 0.7436541512427287
  },
  "LOGIN " : {
    "transaction" : "LOGIN ",
    "sampleCount" : 20,
    "errorCount" : 0,
    "errorPct" : 0.0,
    "meanResTime" : 20113.499999999996,
    "medianResTime" : 20144.0,
    "minResTime" : 14767.0,
    "maxResTime" : 23901.0,
    "pct1ResTime" : 23620.3,
    "pct2ResTime" : 23887.9,
    "pct3ResTime" : 23901.0,
    "throughput" : 0.8343414959743023,
    "receivedKBytesPerSec" : 678.647180447207,
    "sentKBytesPerSec" : 0.7544924074923867
  },
  "GET QUOTE" : {
    "transaction" : "GET QUOTE",
    "sampleCount" : 20,
    "errorCount" : 0,
    "errorPct" : 0.0,
    "meanResTime" : 1493.5999999999997,
    "medianResTime" : 1518.0,
    "minResTime" : 872.0,
    "maxResTime" : 2172.0,