{
  "QUOTE ESTIMATION" : {
    "transaction" : "QUOTE ESTIMATION",
    "sampleCount" : 8,
    "errorCount" : 0,
    "errorPct" : 0.0,
    "meanResTime" : 3892.9999999999995,
    "medianResTime" : 3074.0,
    "minResTime" : 1160.0,
    "maxResTime" : 7691.0,
    "pct1ResTime" : 7691.0,
    "pct2ResTime" : 7691.0,
    "pct3ResTime" : 7691.0,
    "throughput" : 0.7653305271214005,
    "receivedKBytesPerSec" : 1.3667016944896202,
    "sentKBytesPerSec" : 1.555325026308237
  },
  "SEARCH PROPERTY ADDRESS-1" : {
    "transaction" : "SEARCH PROPERTY ADDRESS-1",
    "sampleCount" : 8,
    "errorCount" : 0,
    "errorPct" : 0.0,
    "meanResTime" : 813.0,
    "medianResTime" : 720.0,
    "minResTime" : 467.0,
    "maxResTime" : 1384.0,
    "pct1ResTime" : 1384.0,
    "pct2ResTime" : 1384.0,
    "pct3ResTime" : 1384.0,
    "throughput" : 1.5695507161075142,
    "receivedKBytesPerSec" : 37.105543089072,
    "sentKBytesPerSec" : 1.437732980184422
  },
  "SEARCH PROPERTY ADDRESS-0" : {
    "transaction" : "SEARCH PROPERTY ADDRESS-0",
    "sampleCount" : 8,
    "errorCount" : 0,
    "errorPct" : 0.0,
    "meanResTime" : 3178.0,
    "medianResTime" : 3386.0,
    "minResTime" : 2215.0,
    "maxResTime" : 4196.0,
    "pct1ResTime" : 4196.0,
    "pct2ResTime" : 4196.0,
    "pct3ResTime" : 4196.0,
    "throughput" : 1.1656709893632522,
    "receivedKBytesPerSec" : 0.6795952936033804,
    "sentKBytesPerSec" : 1.3648823400845111
  },
  "GOTO QUOTE PAGE" : {
    "transaction" : "GOTO QUOTE PAGE",
    "sampleCount" : 8,
    "errorCount" : 0,
    "errorPct" : 0.0,
    "meanResTime" : 1600.5,
    "medianResTime" : 700.5,
    "minResTime" : 419.0,
    "maxResTime" : 4644.0,
    "pct1ResTime" : 4644.0,
    "pct2ResTime" : 4644.0,
    "pct3ResTime" : 4644.0,
    "throughput" : 0.8866230743655104,
    "receivedKBytesPerSec" : 20.961189460268205,
    "sentKBytesPerSec" : 0.7402956333813587
  },
  "QUOTE CREATION" : {
    "transaction" : "QUOTE CREATION",
    "sampleCount" : 8,
    "errorCount" : 0,
    "errorPct" : 0.0,
    "meanResTime" : 11436.875,
    "medianResTime" : 11458.0,
    "minResTime" : 10205.0,
    "maxResTime" : 12588.0,
    "pct1ResTime" : 12588.0,
    "pct2ResTime" : 12588.0,
    "pct3ResTime" : 12588.0,
    "throughput" : 0.5383942391816408,
    "receivedKBytesPerSec" : 26.9753784532943,
    "sentKBytesPerSec" : 3.756666834914866
  },
  "GO TO GENERATE QUOTE PAGE" : {
    "transaction" : "GO TO GENERATE QUOTE PAGE",
    "sampleCount" : 8,
    "errorCount" : 0,
    "errorPct" : 0.0,
    "meanResTime" : 1156.0,
    "medianResTime" : 1058.5,
    "minResTime" : 936.0,
    "maxResTime" : 1474.0,
    "pct1ResTime" : 1474.0,
    "pct2ResTime" : 1474.0,
    "pct3ResTime" : 1474.0,
    "throughput" : 1.721170395869191,
    "receivedKBytesPerSec" : 151.3594136591007,
    "sentKBytesPerSec" : 1.4068550989672979
  },
  "LOGIN -0" : {
    "transaction" : "LOGIN -0",
    "sampleCount" : 8,
    "errorCount" : 0,
    "errorPct" : 0.0,
    "meanResTime" : 729.625,
    "medianResTime" : 732.0,
    "minResTime" : 571.0,
    "maxResTime" : 933.0,
    "pct1ResTime" : 933.0,
    "pct2ResTime" : 933.0,
    "pct3ResTime" : 933.0,
    "throughput" : 8.447729672650475,
    "receivedKBytesPerSec" : 6.0553062302006335,
    "sentKBytesPerSec" : 4.776597148891236
  },
  "GOTO URL" : {
    "transaction" : "GOTO URL",
    "sampleCount" : 8,
    "errorCount" : 0,
    "errorPct" : 0.0,
    "meanResTime" : 3909.25,
    "medianResTime" : 3950.0,
    "minResTime" : 3514.0,
    "maxResTime" : 4182.0,
    "pct1ResTime" : 4182.0,
    "pct2ResTime" : 4182.0,
    "pct3ResTime" : 4182.0,
    "throughput" : 1.8730976352142357,
    "receivedKBytesPerSec" : 6.7954665183797704,
    "sentKBytesPerSec" : 0.2634043549520019
  },
  "LOGIN -1" : {
    "transaction" : "LOGIN -1",
    "sampleCount" : 8,
    "errorCount" : 0,
    "errorPct" : 0.0,
    "meanResTime" : 21334.625,
    "medianResTime" : 21160.0,
    "minResTime" : 19667.0,
    "maxResTime" : 23525.0,
    "pct1ResTime" : 23525.0,
    "pct2ResTime" : 23525.0,
    "pct3ResTime" : 23525.0,
    "throughput" : 0.3387964256977089,
    "receivedKBytesPerSec" : 275.33164993859316,
    "sentKBytesPerSec" : 0.11480699191123533
  },
  "GOTO APPLICATION STATUS" : {
    "transaction" : "GOTO APPLICATION STATUS",
    "sampleCount" : 8,
    "errorCount" : 0,
    "errorPct" : 0.0,
    "meanResTime" : 484.62499999999994,
    "medianResTime" : 533.5,
    "minResTime" : 311.0,
    "maxResTime" : 677.0,
    "pct1ResTime" : 677.0,
    "pct2ResTime" : 677.0,
    "pct3ResTime" : 677.0,
    "throughput" : 1.8819101387908728,
    "receivedKBytesPerSec" : 37.62901376146789,
    "sentKBytesPerSec" : 1.5786726652552339
  },
  "GOTO HOME PAGE" : {
    "transaction" : "GOTO HOME PAGE",
    "sampleCount" : 8,
    "errorCount" : 0,
    "errorPct" : 0.0,
    "meanResTime" : 1156.0,
    "medianResTime" : 1058.5,
    "minResTime" : 936.0,
    "maxResTime" : 1474.0,
    "pct1ResTime" : 1474.0,
    "pct2ResTime" : 1474.0,
    "pct3ResTime" : 1474.0,
    "throughput" : 1.7134289997858214,
    "receivedKBytesPerSec" : 150.67863668612125,
    "sentKBytesPerSec" : 1.4005274148639968
  },
  "LOGIN PROCESS" : {
    "transaction" : "LOGIN PROCESS",
    "sampleCount" : 8,
    "errorCount" : 0,
    "errorPct" : 0.0,
    "meanResTime" : 22552.5,
    "medianResTime" : 22341.5,
    "minResTime" : 20792.0,
    "maxResTime" : 24503.0,
    "pct1ResTime" : 24503.0,
    "pct2ResTime" : 24503.0,
    "pct3ResTime" : 24503.0,
    "throughput" : 0.326224360804143,
    "receivedKBytesPerSec" : 271.87136820535824,
    "sentKBytesPerSec" : 0.5686625820658158
  },
  "SEARCH PROPERTY ADDRESS" : {
    "transaction" : "SEARCH PROPERTY ADDRESS",
    "sampleCount" : 8,
    "errorCount" : 0,
    "errorPct" : 0.0,
    "meanResTime" : 3992.0,
    "medianResTime" : 4098.0,
    "minResTime" : 2683.0,
    "maxResTime" : 5581.0,
    "pct1ResTime" : 5581.0,
    "pct2ResTime" : 5581.0,
    "pct3ResTime" : 5581.0,
    "throughput" : 1.035866891104493,
    "receivedKBytesPerSec" : 25.092712109931373,
    "sentKBytesPerSec" : 2.161765181924123
  },
  "Total" : {
    "transaction" : "Total",
    "sampleCount" : 96,
    "errorCount" : 0,
    "errorPct" : 0.0,
    "meanResTime" : 5425.822916666671,
    "medianResTime" : 2028.0,
    "minResTime" : 311.0,
    "maxResTime" : 24192.0,
    "pct1ResTime" : 21409.8,
    "pct2ResTime" : 22502.7,
    "pct3ResTime" : 24192.0,
    "throughput" : 2.0715549609425574,
    "receivedKBytesPerSec" : 312.9213746439515,
    "sentKBytesPerSec" : 2.18720329290924
  },
  "GO TO TEST.COGITATE.US/GnC/POS" : {
    "transaction" : "GO TO TEST.COGITATE.US/GnC/POS",
    "sampleCount" : 8,
    "errorCount" : 0,
    "errorPct" : 0.0,
    "meanResTime" : 3909.25,
    "medianResTime" : 3950.0,
    "minResTime" : 3514.0,
    "maxResTime" : 4182.0,
    "pct1ResTime" : 4182.0,
    "pct2ResTime" : 4182.0,
    "pct3ResTime" : 4182.0,
    "throughput" : 1.813236627379873,
    "receivedKBytesPerSec" : 6.578294990933817,
    "sentKBytesPerSec" : 0.25498640072529466
  },
  "LOGIN " : {
    "transaction" : "LOGIN ",
    "sampleCount" : 8,
    "errorCount" : 0,
    "errorPct" : 0.0,
    "meanResTime" : 22067.875,
    "medianResTime" : 21894.0,
    "minResTime" : 20254.0,
    "maxResTime" : 24192.0,
    "pct1ResTime" : 24192.0,
    "pct2ResTime" : 24192.0,
    "pct3ResTime" : 24192.0,
    "throughput" : 0.330455615680119,
    "receivedKBytesPerSec" : 268.79014519393616,
    "sentKBytesPerSec" : 0.29882998058573257
  },
  "GET QUOTE" : {
    "transaction" : "GET QUOTE",
    "sampleCount" : 8,
    "errorCount" : 0,
    "errorPct" : 0.0,
    "meanResTime" : 1951.375,
    "medianResTime" : 1251.5,
    "minResTime" : 671.0,
    "maxResTime" : 4768.0,
    "pct1ResTime" : 4768.0,
    "pct2ResTime" : 4768.0,
    "pct3ResTime" : 4768.0,
    "throughput" : 0.8445054365037475,
    "receivedKBytesPerSec" : 0.38184181357542485,
    "sentKBytesPerSec" : 1.7088039691755514
  }
}