{
  "QUOTE ESTIMATION" : {
    "transaction" : "QUOTE ESTIMATION",
    "sampleCount" : 8,
    "errorCount" : 0,
    "errorPct" : 0.0,
    "meanResTime" : 11470.5,
    "medianResTime" : 10746.5,
    "minResTime" : 6631.0,
    "maxResTime" : 16246.0,
    "pct1ResTime" : 16246.0,
    "pct2ResTime" : 16246.0,
    "pct3ResTime" : 16246.0,
    "throughput" : 0.47384943434223775,
    "receivedKBytesPerSec" : 1.0406524869691407,
    "sentKBytesPerSec" : 0.9629694070958953
  },
  "SEARCH PROPERTY ADDRESS-1" : {
    "transaction" : "SEARCH PROPERTY ADDRESS-1",
    "sampleCount" : 8,
    "errorCount" : 0,
    "errorPct" : 0.0,
    "meanResTime" : 3663.125,
    "medianResTime" : 3474.5,
    "minResTime" : 3081.0,
    "maxResTime" : 4614.0,
    "pct1ResTime" : 4614.0,
    "pct2ResTime" : 4614.0,
    "pct3ResTime" : 4614.0,
    "throughput" : 0.6532211970278435,
    "receivedKBytesPerSec" : 0.4140044500694048,
    "sentKBytesPerSec" : 0.6315322119702784
  },
  "SAVE COVERAGE PAGE" : {
    "transaction" : "SAVE COVERAGE PAGE",
    "sampleCount" : 16,
    "errorCount" : 0,
    "errorPct" : 0.0,
    "meanResTime" : 7161.125000000001,
    "medianResTime" : 7065.0,
    "minResTime" : 6469.0,
    "maxResTime" : 8020.0,
    "pct1ResTime" : 8020.0,
    "pct2ResTime" : 8020.0,
    "pct3ResTime" : 8020.0,
    "throughput" : 1.036001036001036,
    "receivedKBytesPerSec" : 0.6232193732193732,
    "sentKBytesPerSec" : 4.534527972027972
  },
  "SEARCH PROPERTY ADDRESS-0" : {
    "transaction" : "SEARCH PROPERTY ADDRESS-0",
    "sampleCount" : 8,
    "errorCount" : 0,
    "errorPct" : 0.0,
    "meanResTime" : 3099.75,
    "medianResTime" : 2925.0,
    "minResTime" : 2593.0,
    "maxResTime" : 3765.0,
    "pct1ResTime" : 3765.0,
    "pct2ResTime" : 3765.0,
    "pct3ResTime" : 3765.0,
    "throughput" : 0.6724949562878278,
    "receivedKBytesPerSec" : 0.46299701580363145,
    "sentKBytesPerSec" : 0.7841396267652992
  },
  "SEARCH PROPERTY ADDRESS-2" : {
    "transaction" : "SEARCH PROPERTY ADDRESS-2",
    "sampleCount" : 8,
    "errorCount" : 0,
    "errorPct" : 0.0,
    "meanResTime" : 732.5,
    "medianResTime" : 423.0,
    "minResTime" : 379.0,
    "maxResTime" : 1765.0,
    "pct1ResTime" : 1765.0,
    "pct2ResTime" : 1765.0,
    "pct3ResTime" : 1765.0,
    "throughput" : 0.7442552795608894,
    "receivedKBytesPerSec" : 17.525067738859427,
    "sentKBytesPerSec" : 0.7006465717741185
  },
  "GOTO COVERAGE PAGE" : {
    "transaction" : "GOTO COVERAGE PAGE",
    "sampleCount" : 8,
    "errorCount" : 0,
    "errorPct" : 0.0,
    "meanResTime" : 437.5,
    "medianResTime" : 428.0,
    "minResTime" : 368.0,
    "maxResTime" : 497.0,
    "pct1ResTime" : 497.0,
    "pct2ResTime" : 497.0,
    "pct3ResTime" : 497.0,
    "throughput" : 3.2076984763432237,
    "receivedKBytesPerSec" : 94.82758620689654,
    "sentKBytesPerSec" : 2.6751704089815553
  },
  "CLICK GNERATE POLICY BUTTON" : {
    "transaction" : "CLICK GNERATE POLICY BUTTON",
    "sampleCount" : 8,
    "errorCount" : 6,
    "errorPct" : 75.0,
    "meanResTime" : 116230.5,
    "medianResTime" : 119440.5,
    "minResTime" : 103194.0,
    "maxResTime" : 131075.0,
    "pct1ResTime" : 131075.0,
    "pct2ResTime" : 131075.0,
    "pct3ResTime" : 131075.0,
    "throughput" : 0.06082725060827251,
    "receivedKBytesPerSec" : 0.18482811549574207,
    "sentKBytesPerSec" : 0.058926399026763984
  },
  "GO TO GENERATE QUOTE PAGE" : {
    "transaction" : "GO TO GENERATE QUOTE PAGE",
    "sampleCount" : 8,
    "errorCount" : 0,
    "errorPct" : 0.0,
    "meanResTime" : 1072.125,
    "medianResTime" : 1064.0,
    "minResTime" : 577.0,
    "maxResTime" : 1967.0,
    "pct1ResTime" : 1967.0,
    "pct2ResTime" : 1967.0,
    "pct3ResTime" : 1967.0,
    "throughput" : 0.9092975676290066,
    "receivedKBytesPerSec" : 79.96290882871106,
    "sentKBytesPerSec" : 0.7432442032280063
  },
  "GOTO PROPERTY PAGE" : {
    "transaction" : "GOTO PROPERTY PAGE",
    "sampleCount" : 8,
    "errorCount" : 0,
    "errorPct" : 0.0,
    "meanResTime" : 557.625,
    "medianResTime" : 395.5,
    "minResTime" : 359.0,
    "maxResTime" : 1492.0,
    "pct1ResTime" : 1492.0,
    "pct2ResTime" : 1492.0,
    "pct3ResTime" : 1492.0,
    "throughput" : 2.6402640264026402,
    "receivedKBytesPerSec" : 59.169373968646866,
    "sentKBytesPerSec" : 2.191625412541254
  },
  "GOTO POLICY HOLDER PAGE" : {
    "transaction" : "GOTO POLICY HOLDER PAGE",
    "sampleCount" : 8,
    "errorCount" : 0,
    "errorPct" : 0.0,
    "meanResTime" : 710.25,
    "medianResTime" : 756.0,
    "minResTime" : 518.0,
    "maxResTime" : 814.0,
    "pct1ResTime" : 814.0,
    "pct2ResTime" : 814.0,
    "pct3ResTime" : 814.0,
    "throughput" : 4.4692737430167595,
    "receivedKBytesPerSec" : 309.81581703910615,
    "sentKBytesPerSec" : 3.6705656424581004
  },
  "GOTO APPLICATION SUMMARY PAGE" : {
    "transaction" : "GOTO APPLICATION SUMMARY PAGE",
    "sampleCount" : 8,
    "errorCount" : 0,
    "errorPct" : 0.0,
    "meanResTime" : 1697.0,
    "medianResTime" : 1711.0,
    "minResTime" : 1122.0,
    "maxResTime" : 2247.0,
    "pct1ResTime" : 2247.0,
    "pct2ResTime" : 2247.0,
    "pct3ResTime" : 2247.0,
    "throughput" : 3.341687552213868,
    "receivedKBytesPerSec" : 85.66664055973266,
    "sentKBytesPerSec" : 2.6955409356725144
  },
  "GOTO HOME PAGE" : {
    "transaction" : "GOTO HOME PAGE",
    "sampleCount" : 8,
    "errorCount" : 0,
    "errorPct" : 0.0,
    "meanResTime" : 1072.125,
    "medianResTime" : 1064.0,
    "minResTime" : 577.0,
    "maxResTime" : 1967.0,
    "pct1ResTime" : 1967.0,
    "pct2ResTime" : 1967.0,
    "pct3ResTime" : 1967.0,
    "throughput" : 0.9112655199908873,
    "receivedKBytesPerSec" : 80.1359690027338,
    "sentKBytesPerSec" : 0.7448527736644265
  },
  "GOTO VIEW POLICY PAGE" : {
    "transaction" : "GOTO VIEW POLICY PAGE",
    "sampleCount" : 8,
    "errorCount" : 0,
    "errorPct" : 0.0,
    "meanResTime" : 1634.875,
    "medianResTime" : 1535.0,
    "minResTime" : 1413.0,
    "maxResTime" : 1946.0,
    "pct1ResTime" : 1946.0,
    "pct2ResTime" : 1946.0,
    "pct3ResTime" : 1946.0,
    "throughput" : 0.27418857319121226,
    "receivedKBytesPerSec" : 5.322277339599685,
    "sentKBytesPerSec" : 0.22090387976831066
  },
  "CREATE POLICY USING GENERATE QUOTE BUTTON" : {
    "transaction" : "CREATE POLICY USING GENERATE QUOTE BUTTON",
    "sampleCount" : 8,
    "errorCount" : 6,
    "errorPct" : 75.0,
    "meanResTime" : 117865.375,
    "medianResTime" : 120878.5,
    "minResTime" : 105027.0,
    "maxResTime" : 132704.0,
    "pct1ResTime" : 132704.0,
    "pct2ResTime" : 132704.0,
    "pct3ResTime" : 132704.0,
    "throughput" : 0.060100668619938395,
    "receivedKBytesPerSec" : 1.3492350663924573,
    "sentKBytesPerSec" : 0.10664347156487115
  },
  "LOGIN PROCESS" : {
    "transaction" : "LOGIN PROCESS",
    "sampleCount" : 8,
    "errorCount" : 0,
    "errorPct" : 0.0,
    "meanResTime" : 12806.75,
    "medianResTime" : 13777.5,
    "minResTime" : 9292.0,
    "maxResTime" : 16107.0,
    "pct1ResTime" : 16107.0,
    "pct2ResTime" : 16107.0,
    "pct3ResTime" : 16107.0,
    "throughput" : 0.49643189574930185,
    "receivedKBytesPerSec" : 413.72023347812603,
    "sentKBytesPerSec" : 0.8653622401489297
  },
  "SAVE PROPERTY PAGE" : {
    "transaction" : "SAVE PROPERTY PAGE",
    "sampleCount" : 8,
    "errorCount" : 0,
    "errorPct" : 0.0,
    "meanResTime" : 3645.75,
    "medianResTime" : 3629.5,
    "minResTime" : 3474.0,
    "maxResTime" : 3882.0,
    "pct1ResTime" : 3882.0,
    "pct2ResTime" : 3882.0,
    "pct3ResTime" : 3882.0,
    "throughput" : 1.4508523757707652,
    "receivedKBytesPerSec" : 0.6659185709104098,
    "sentKBytesPerSec" : 2.133773122959739
  },
  "APPLICATION FORM SUMMARY PAGE" : {
    "transaction" : "APPLICATION FORM SUMMARY PAGE",
    "sampleCount" : 8,
    "errorCount" : 0,
    "errorPct" : 0.0,
    "meanResTime" : 977.375,
    "medianResTime" : 947.5,
    "minResTime" : 929.0,
    "maxResTime" : 1080.0,
    "pct1ResTime" : 1080.0,