{
  "QUOTE ESTIMATION" : {
    "transaction" : "QUOTE ESTIMATION",
    "sampleCount" : 25,
    "errorCount" : 0,
    "errorPct" : 0.0,
    "meanResTime" : 3332.48,
    "medianResTime" : 2665.0,
    "minResTime" : 550.0,
    "maxResTime" : 8923.0,
    "pct1ResTime" : 7276.000000000004,
    "pct2ResTime" : 8743.0,
    "pct3ResTime" : 8923.0,
    "throughput" : 1.7116253594413255,
    "receivedKBytesPerSec" : 2.254130365945502,
    "sentKBytesPerSec" : 3.478410520505272
  },
  "SEARCH PROPERTY ADDRESS-1" : {
    "transaction" : "SEARCH PROPERTY ADDRESS-1",
    "sampleCount" : 25,
    "errorCount" : 0,
    "errorPct" : 0.0,
    "meanResTime" : 1245.64,
    "medianResTime" : 1276.0,
    "minResTime" : 629.0,
    "maxResTime" : 2331.0,
    "pct1ResTime" : 1781.2000000000003,
    "pct2ResTime" : 2186.3999999999996,
    "pct3ResTime" : 2331.0,
    "throughput" : 1.5264379045060448,
    "receivedKBytesPerSec" : 87.12812156551472,
    "sentKBytesPerSec" : 1.4067675578519965
  },
  "SEARCH PROPERTY ADDRESS-0" : {
    "transaction" : "SEARCH PROPERTY ADDRESS-0",
    "sampleCount" : 25,
    "errorCount" : 0,
    "errorPct" : 0.0,
    "meanResTime" : 1719.32,
    "medianResTime" : 1417.0,
    "minResTime" : 312.0,
    "maxResTime" : 4561.0,
    "pct1ResTime" : 3375.8000000000006,
    "pct2ResTime" : 4257.099999999999,
    "pct3ResTime" : 4561.0,
    "throughput" : 1.5399778243193298,
    "receivedKBytesPerSec" : 0.9150235424109892,
    "sentKBytesPerSec" : 1.8151887050326474
  },
  "GOTO QUOTE PAGE" : {
    "transaction" : "GOTO QUOTE PAGE",
    "sampleCount" : 25,
    "errorCount" : 13,
    "errorPct" : 52.0,
    "meanResTime" : 1227.48,
    "medianResTime" : 919.0,
    "minResTime" : 378.0,
    "maxResTime" : 4503.0,
    "pct1ResTime" : 2508.000000000003,
    "pct2ResTime" : 4161.9,
    "pct3ResTime" : 4503.0,
    "throughput" : 1.5039403236479576,
    "receivedKBytesPerSec" : 19.346018599981953,
    "sentKBytesPerSec" : 1.255731422577152
  },
  "QUOTE CREATION" : {
    "transaction" : "QUOTE CREATION",
    "sampleCount" : 25,
    "errorCount" : 13,
    "errorPct" : 52.0,
    "meanResTime" : 10304.359999999999,
    "medianResTime" : 10434.0,
    "minResTime" : 4938.0,
    "maxResTime" : 16977.0,
    "pct1ResTime" : 15231.2,
    "pct2ResTime" : 16564.5,
    "pct3ResTime" : 16977.0,
    "throughput" : 1.1032169807157672,
    "receivedKBytesPerSec" : 79.7996919956092,
    "sentKBytesPerSec" : 7.7125209611226335
  },
  "GO TO GENERATE QUOTE PAGE" : {
    "transaction" : "GO TO GENERATE QUOTE PAGE",
    "sampleCount" : 25,
    "errorCount" : 0,
    "errorPct" : 0.0,
    "meanResTime" : 1589.24,
    "medianResTime" : 1474.0,
    "minResTime" : 1101.0,
    "maxResTime" : 2968.0,
    "pct1ResTime" : 2269.8,
    "pct2ResTime" : 2772.3999999999996,
    "pct3ResTime" : 2968.0,
    "throughput" : 1.8699977560026928,
    "receivedKBytesPerSec" : 164.44782180323884,
    "sentKBytesPerSec" : 1.5285040251701698
  },
  "LOGIN -0" : {
    "transaction" : "LOGIN -0",
    "sampleCount" : 25,
    "errorCount" : 0,
    "errorPct" : 0.0,
    "meanResTime" : 1961.6799999999998,
    "medianResTime" : 1906.0,
    "minResTime" : 1845.0,
    "maxResTime" : 2188.0,
    "pct1ResTime" : 2168.2,
    "pct2ResTime" : 2182.6,
    "pct3ResTime" : 2188.0,
    "throughput" : 11.195700850873266,
    "receivedKBytesPerSec" : 8.025043383340797,
    "sentKBytesPerSec" : 6.330381633452754
  },
  "GOTO URL" : {
    "transaction" : "GOTO URL",
    "sampleCount" : 25,
    "errorCount" : 0,
    "errorPct" : 0.0,
    "meanResTime" : 3152.879999999999,
    "medianResTime" : 3164.0,
    "minResTime" : 2688.0,
    "maxResTime" : 3486.0,
    "pct1ResTime" : 3476.2,
    "pct2ResTime" : 3485.4,
    "pct3ResTime" : 3486.0,
    "throughput" : 7.169486664754803,
    "receivedKBytesPerSec" : 26.01039351519931,
    "sentKBytesPerSec" : 1.0082090622311441
  },
  "LOGIN -1" : {
    "transaction" : "LOGIN -1",
    "sampleCount" : 25,
    "errorCount" : 0,
    "errorPct" : 0.0,
    "meanResTime" : 18607.64,
    "medianResTime" : 18698.0,
    "minResTime" : 7924.0,
    "maxResTime" : 24232.0,
    "pct1ResTime" : 21140.2,
    "pct2ResTime" : 23333.8,
    "pct3ResTime" : 24232.0,
    "throughput" : 1.0301207301495734,
    "receivedKBytesPerSec" : 837.1541691561251,
    "sentKBytesPerSec" : 0.34907411461123244
  },
  "GOTO APPLICATION STATUS" : {
    "transaction" : "GOTO APPLICATION STATUS",
    "sampleCount" : 25,
    "errorCount" : 0,
    "errorPct" : 0.0,
    "meanResTime" : 585.84,
    "medianResTime" : 332.0,
    "minResTime" : 281.0,
    "maxResTime" : 5246.0,
    "pct1ResTime" : 795.6000000000008,
    "pct2ResTime" : 3980.899999999997,
    "pct3ResTime" : 5246.0,
    "throughput" : 1.4440016172818113,
    "receivedKBytesPerSec" : 28.872981556489346,
    "sentKBytesPerSec" : 1.2113255754346446
  },
  "GOTO HOME PAGE" : {
    "transaction" : "GOTO HOME PAGE",
    "sampleCount" : 25,
    "errorCount" : 0,
    "errorPct" : 0.0,
    "meanResTime" : 1589.24,
    "medianResTime" : 1474.0,
    "minResTime" : 1101.0,
    "maxResTime" : 2968.0,
    "pct1ResTime" : 2269.8,
    "pct2ResTime" : 2772.3999999999996,
    "pct3ResTime" : 2968.0,
    "throughput" : 1.8747656542932134,
    "receivedKBytesPerSec" : 164.8671113376453,
    "sentKBytesPerSec" : 1.5324012232845894
  },
  "LOGIN PROCESS" : {
    "transaction" : "LOGIN PROCESS",
    "sampleCount" : 25,
    "errorCount" : 0,
    "errorPct" : 0.0,
    "meanResTime" : 21165.2,
    "medianResTime" : 20923.0,
    "minResTime" : 15107.0,
    "maxResTime" : 27227.0,
    "pct1ResTime" : 23609.2,
    "pct2ResTime" : 26169.199999999997,
    "pct3ResTime" : 27227.0,
    "throughput" : 0.9182061923825614,
    "receivedKBytesPerSec" : 765.2217424913689,
    "sentKBytesPerSec" : 1.6005840365262423
  },
  "SEARCH PROPERTY ADDRESS" : {
    "transaction" : "SEARCH PROPERTY ADDRESS",
    "sampleCount" : 25,
    "errorCount" : 0,
    "errorPct" : 0.0,
    "meanResTime" : 2966.0800000000004,
    "medianResTime" : 2890.0,
    "minResTime" : 1319.0,
    "maxResTime" : 6893.0,
    "pct1ResTime" : 4971.4000000000015,
    "pct2ResTime" : 6444.499999999999,
    "pct3ResTime" : 6893.0,
    "throughput" : 1.34654745233222,
    "receivedKBytesPerSec" : 77.66017813139611,
    "sentKBytesPerSec" : 2.8281704459765162
  },
  "Total" : {
    "transaction" : "Total",
    "sampleCount" : 300,
    "errorCount" : 13,
    "errorPct" : 4.3333335,
    "meanResTime" : 4978.829999999995,
    "medianResTime" : 2006.5,
    "minResTime" : 281.0,
    "maxResTime" : 26198.0,
    "pct1ResTime" : 19610.500000000004,
    "pct2ResTime" : 21005.5,
    "pct3ResTime" : 23406.36,
    "throughput" : 6.245836109260494,
    "receivedKBytesPerSec" : 972.4535246359198,
    "sentKBytesPerSec" : 6.6084687031562295
  },
  "GO TO TEST.COGITATE.US/GnC/POS" : {
    "transaction" : "GO TO TEST.COGITATE.US/GnC/POS",
    "sampleCount" : 25,
    "errorCount" : 0,
    "errorPct" : 0.0,
    "meanResTime" : 3152.879999999999,
    "medianResTime" : 3164.0,
    "minResTime" : 2688.0,
    "maxResTime" : 3486.0,
    "pct1ResTime" : 3476.2,
    "pct2ResTime" : 3485.4,
    "pct3ResTime" : 3486.0,
    "throughput" : 6.839945280437757,
    "receivedKBytesPerSec" : 24.814840543775652,
    "sentKBytesPerSec" : 0.9618673050615596
  },
  "LOGIN " : {
    "transaction" : "LOGIN ",
    "sampleCount" : 25,
    "errorCount" : 0,
    "errorPct" : 0.0,
    "meanResTime" : 20579.359999999997,
    "medianResTime" : 20633.0,
    "minResTime" : 9861.0,
    "maxResTime" : 26198.0,
    "pct1ResTime" : 23309.6,
    "pct2ResTime" : 25360.999999999996,
    "pct3ResTime" : 26198.0,
    "throughput" : 0.9542713184212536,
    "receivedKBytesPerSec" : 776.1972079214062,
    "sentKBytesPerSec" : 0.8629445711504695
  },
  "GET QUOTE" : {
    "transaction" : "GET QUOTE",
    "sampleCount" : 25,
    "errorCount" : 0,
    "errorPct" : 0.0,
    "meanResTime" : 2778.32,
    "medianResTime" : 2456.0,
    "minResTime" : 1227.0,
    "maxResTime" : 5507.0,