{
  "QUOTE ESTIMATION" : {
    "transaction" : "QUOTE ESTIMATION",
    "sampleCount" : 18,
    "errorCount" : 0,
    "errorPct" : 0.0,
    "meanResTime" : 5139.944444444444,
    "medianResTime" : 4795.0,
    "minResTime" : 1987.0,
    "maxResTime" : 9875.0,
    "pct1ResTime" : 9869.6,
    "pct2ResTime" : 9875.0,
    "pct3ResTime" : 9875.0,
    "throughput" : 1.1658786190815467,
    "receivedKBytesPerSec" : 2.556748028531641,
    "sentKBytesPerSec" : 2.3693294983483386
  },
  "SEARCH PROPERTY ADDRESS-1" : {
    "transaction" : "SEARCH PROPERTY ADDRESS-1",
    "sampleCount" : 18,
    "errorCount" : 0,
    "errorPct" : 0.0,
    "meanResTime" : 1297.7777777777778,
    "medianResTime" : 831.5,
    "minResTime" : 536.0,
    "maxResTime" : 4239.0,
    "pct1ResTime" : 3467.700000000001,
    "pct2ResTime" : 4239.0,
    "pct3ResTime" : 4239.0,
    "throughput" : 1.3175230566534915,
    "receivedKBytesPerSec" : 31.152501006441224,
    "sentKBytesPerSec" : 1.2068717061923584
  },
  "SEARCH PROPERTY ADDRESS-0" : {
    "transaction" : "SEARCH PROPERTY ADDRESS-0",
    "sampleCount" : 18,
    "errorCount" : 0,
    "errorPct" : 0.0,
    "meanResTime" : 2705.3333333333335,
    "medianResTime" : 2724.5,
    "minResTime" : 2006.0,
    "maxResTime" : 3505.0,
    "pct1ResTime" : 3268.3,
    "pct2ResTime" : 3505.0,
    "pct3ResTime" : 3505.0,
    "throughput" : 1.3858946720049274,
    "receivedKBytesPerSec" : 0.8079874210809979,
    "sentKBytesPerSec" : 1.6301856762011089
  },
  "GOTO QUOTE PAGE" : {
    "transaction" : "GOTO QUOTE PAGE",
    "sampleCount" : 18,
    "errorCount" : 0,
    "errorPct" : 0.0,
    "meanResTime" : 1346.3333333333335,
    "medianResTime" : 1044.5,
    "minResTime" : 467.0,
    "maxResTime" : 5821.0,
    "pct1ResTime" : 2419.9000000000055,
    "pct2ResTime" : 5821.0,
    "pct3ResTime" : 5821.0,
    "throughput" : 1.3028372900984366,
    "receivedKBytesPerSec" : 30.805047702844526,
    "sentKBytesPerSec" : 1.08781824515055
  },
  "QUOTE CREATION" : {
    "transaction" : "QUOTE CREATION",
    "sampleCount" : 18,
    "errorCount" : 0,
    "errorPct" : 0.0,
    "meanResTime" : 12293.333333333334,
    "medianResTime" : 11892.0,
    "minResTime" : 10678.0,
    "maxResTime" : 15579.0,
    "pct1ResTime" : 15327.0,
    "pct2ResTime" : 15579.0,
    "pct3ResTime" : 15579.0,
    "throughput" : 0.8513858669946079,
    "receivedKBytesPerSec" : 43.009859669141996,
    "sentKBytesPerSec" : 5.945151017524359
  },
  "GO TO GENERATE QUOTE PAGE" : {
    "transaction" : "GO TO GENERATE QUOTE PAGE",
    "sampleCount" : 18,
    "errorCount" : 0,
    "errorPct" : 0.0,
    "meanResTime" : 848.6111111111111,
    "medianResTime" : 787.5,
    "minResTime" : 458.0,
    "maxResTime" : 1422.0,
    "pct1ResTime" : 1386.9,
    "pct2ResTime" : 1422.0,
    "pct3ResTime" : 1422.0,
    "throughput" : 1.8043303929430634,
    "receivedKBytesPerSec" : 158.67133855628506,
    "sentKBytesPerSec" : 1.474828651263031
  },
  "LOGIN -0" : {
    "transaction" : "LOGIN -0",
    "sampleCount" : 18,
    "errorCount" : 0,
    "errorPct" : 0.0,
    "meanResTime" : 1481.5,
    "medianResTime" : 1466.0,
    "minResTime" : 1420.0,
    "maxResTime" : 1579.0,
    "pct1ResTime" : 1572.7,
    "pct2ResTime" : 1579.0,
    "pct3ResTime" : 1579.0,
    "throughput" : 11.166253101736972,
    "receivedKBytesPerSec" : 8.003935328784118,
    "sentKBytesPerSec" : 6.313731001861042
  },
  "GOTO URL" : {
    "transaction" : "GOTO URL",
    "sampleCount" : 18,
    "errorCount" : 0,
    "errorPct" : 0.0,
    "meanResTime" : 2770.1666666666665,
    "medianResTime" : 2792.5,
    "minResTime" : 2355.0,
    "maxResTime" : 3070.0,
    "pct1ResTime" : 3067.3,
    "pct2ResTime" : 3070.0,
    "pct3ResTime" : 3070.0,
    "throughput" : 5.863192182410423,
    "receivedKBytesPerSec" : 21.271248982084693,
    "sentKBytesPerSec" : 0.8245114006514659
  },
  "LOGIN -1" : {
    "transaction" : "LOGIN -1",
    "sampleCount" : 18,
    "errorCount" : 0,
    "errorPct" : 0.0,
    "meanResTime" : 8816.944444444443,
    "medianResTime" : 9155.5,
    "minResTime" : 4137.0,
    "maxResTime" : 13085.0,
    "pct1ResTime" : 13074.2,
    "pct2ResTime" : 13085.0,
    "pct3ResTime" : 13085.0,
    "throughput" : 1.373311970702678,
    "receivedKBytesPerSec" : 1116.057378690776,
    "sentKBytesPerSec" : 0.4653703650720989
  },
  "GOTO APPLICATION STATUS" : {
    "transaction" : "GOTO APPLICATION STATUS",
    "sampleCount" : 18,
    "errorCount" : 0,
    "errorPct" : 0.0,
    "meanResTime" : 358.8333333333334,
    "medianResTime" : 317.0,
    "minResTime" : 286.0,
    "maxResTime" : 719.0,
    "pct1ResTime" : 520.1000000000004,
    "pct2ResTime" : 719.0,
    "pct3ResTime" : 719.0,
    "throughput" : 1.935067727370458,
    "receivedKBytesPerSec" : 38.69190597452161,
    "sentKBytesPerSec" : 1.6232648220812729
  },
  "GOTO HOME PAGE" : {
    "transaction" : "GOTO HOME PAGE",
    "sampleCount" : 18,
    "errorCount" : 0,
    "errorPct" : 0.0,
    "meanResTime" : 848.6111111111111,
    "medianResTime" : 787.5,
    "minResTime" : 458.0,
    "maxResTime" : 1422.0,
    "pct1ResTime" : 1386.9,
    "pct2ResTime" : 1422.0,
    "pct3ResTime" : 1422.0,
    "throughput" : 1.8059596669007725,
    "receivedKBytesPerSec" : 158.81461557514797,
    "sentKBytesPerSec" : 1.4761603917929165
  },
  "LOGIN PROCESS" : {
    "transaction" : "LOGIN PROCESS",
    "sampleCount" : 18,
    "errorCount" : 0,
    "errorPct" : 0.0,
    "meanResTime" : 10659.555555555555,
    "medianResTime" : 11018.0,
    "minResTime" : 6035.0,
    "maxResTime" : 14905.0,
    "pct1ResTime" : 14837.5,
    "pct2ResTime" : 14905.0,
    "pct3ResTime" : 14905.0,
    "throughput" : 1.2053033346725592,
    "receivedKBytesPerSec" : 1004.4849682352351,
    "sentKBytesPerSec" : 2.1010414574126157
  },
  "SEARCH PROPERTY ADDRESS" : {
    "transaction" : "SEARCH PROPERTY ADDRESS",
    "sampleCount" : 18,
    "errorCount" : 0,
    "errorPct" : 0.0,
    "meanResTime" : 4004.0555555555566,
    "medianResTime" : 3568.0,
    "minResTime" : 2704.0,
    "maxResTime" : 7481.0,
    "pct1ResTime" : 6946.400000000001,
    "pct2ResTime" : 7481.0,
    "pct3ResTime" : 7481.0,
    "throughput" : 1.0995723885155773,
    "receivedKBytesPerSec" : 26.64017161728772,
    "sentKBytesPerSec" : 2.3006189867135003
  },
  "Total" : {
    "transaction" : "Total",
    "sampleCount" : 216,
    "errorCount" : 0,
    "errorPct" : 0.0,
    "meanResTime" : 3406.0925925925912,
    "medianResTime" : 2386.5,
    "minResTime" : 286.0,
    "maxResTime" : 14551.0,
    "pct1ResTime" : 9443.800000000001,
    "pct2ResTime" : 10814.649999999994,
    "pct3ResTime" : 14281.029999999977,
    "throughput" : 6.0143676560672725,
    "receivedKBytesPerSec" : 908.7171295925683,
    "sentKBytesPerSec" : 6.3555146495795505
  },
  "GO TO TEST.COGITATE.US/GnC/POS" : {
    "transaction" : "GO TO TEST.COGITATE.US/GnC/POS",
    "sampleCount" : 18,
    "errorCount" : 0,
    "errorPct" : 0.0,
    "meanResTime" : 2770.166666666667,
    "medianResTime" : 2792.5,
    "minResTime" : 2355.0,
    "maxResTime" : 3070.0,
    "pct1ResTime" : 3067.3,
    "pct2ResTime" : 3070.0,
    "pct3ResTime" : 3070.0,
    "throughput" : 5.571030640668524,
    "receivedKBytesPerSec" : 20.211307451253482,
    "sentKBytesPerSec" : 0.7834261838440112
  },
  "LOGIN " : {
    "transaction" : "LOGIN ",
    "sampleCount" : 18,
    "errorCount" : 0,
    "errorPct" : 0.0,
    "meanResTime" : 10300.666666666668,
    "medianResTime" : 10696.0,
    "minResTime" : 5634.0,
    "maxResTime" : 14551.0,
    "pct1ResTime" : 14528.5,
    "pct2ResTime" : 14551.0,
    "pct3ResTime" : 14551.0,
    "throughput" : 1.2346525824816517,
    "receivedKBytesPerSec" : 1004.2572471534398,
    "sentKBytesPerSec" : 1.1164924720488374
  },
  "GET QUOTE" : {
    "transaction" : "GET QUOTE",
    "sampleCount" : 18,
    "errorCount" : 0,
    "errorPct" : 0.0,
    "meanResTime" : 1802.9444444444443,
    "medianResTime" : 1254.5,
    "minResTime" : 929.0,
    "maxResTime" : 5978.0,
    "pct1ResTime" : 4149.200000000003,