{
  "QUOTE ESTIMATION" : {
    "transaction" : "QUOTE ESTIMATION",
    "sampleCount" : 8,
    "errorCount" : 1,
    "errorPct" : 12.5,
    "meanResTime" : 10351.375,
    "medianResTime" : 11042.5,
    "minResTime" : 558.0,
    "maxResTime" : 17340.0,
    "pct1ResTime" : 17340.0,
    "pct2ResTime" : 17340.0,
    "pct3ResTime" : 17340.0,
    "throughput" : 0.36003600360036003,
    "receivedKBytesPerSec" : 0.7146222434743474,
    "sentKBytesPerSec" : 0.7316747299729973
  },
  "SEARCH PROPERTY ADDRESS-1" : {
    "transaction" : "SEARCH PROPERTY ADDRESS-1",
    "sampleCount" : 8,
    "errorCount" : 0,
    "errorPct" : 0.0,
    "meanResTime" : 3709.125,
    "medianResTime" : 4051.0,
    "minResTime" : 1151.0,
    "maxResTime" : 4413.0,
    "pct1ResTime" : 4413.0,
    "pct2ResTime" : 4413.0,
    "pct3ResTime" : 4413.0,
    "throughput" : 0.5233889434085706,
    "receivedKBytesPerSec" : 6.043634486424599,
    "sentKBytesPerSec" : 0.5033912945698397
  },
  "SAVE COVERAGE PAGE" : {
    "transaction" : "SAVE COVERAGE PAGE",
    "sampleCount" : 16,
    "errorCount" : 2,
    "errorPct" : 12.5,
    "meanResTime" : 7301.375,
    "medianResTime" : 8296.0,
    "minResTime" : 948.0,
    "maxResTime" : 8857.0,
    "pct1ResTime" : 8857.0,
    "pct2ResTime" : 8857.0,
    "pct3ResTime" : 8857.0,
    "throughput" : 0.3520429492398073,
    "receivedKBytesPerSec" : 0.3436200466456908,
    "sentKBytesPerSec" : 1.5408754868093908
  },
  "SEARCH PROPERTY ADDRESS-0" : {
    "transaction" : "SEARCH PROPERTY ADDRESS-0",
    "sampleCount" : 8,
    "errorCount" : 0,
    "errorPct" : 0.0,
    "meanResTime" : 3465.0,
    "medianResTime" : 3915.0,
    "minResTime" : 379.0,
    "maxResTime" : 4144.0,
    "pct1ResTime" : 4144.0,
    "pct2ResTime" : 4144.0,
    "pct3ResTime" : 4144.0,
    "throughput" : 0.5373094230640071,
    "receivedKBytesPerSec" : 0.36428424508026064,
    "sentKBytesPerSec" : 0.6265111827523675
  },
  "SEARCH PROPERTY ADDRESS-2" : {
    "transaction" : "SEARCH PROPERTY ADDRESS-2",
    "sampleCount" : 7,
    "errorCount" : 0,
    "errorPct" : 0.0,
    "meanResTime" : 441.42857142857144,
    "medianResTime" : 424.0,
    "minResTime" : 353.0,
    "maxResTime" : 645.0,
    "pct1ResTime" : 645.0,
    "pct2ResTime" : 645.0,
    "pct3ResTime" : 645.0,
    "throughput" : 0.5816368923971749,
    "receivedKBytesPerSec" : 13.73330065953469,
    "sentKBytesPerSec" : 0.5475566057332779
  },
  "GOTO COVERAGE PAGE" : {
    "transaction" : "GOTO COVERAGE PAGE",
    "sampleCount" : 8,
    "errorCount" : 1,
    "errorPct" : 12.5,
    "meanResTime" : 407.625,
    "medianResTime" : 407.5,
    "minResTime" : 358.0,
    "maxResTime" : 463.0,
    "pct1ResTime" : 463.0,
    "pct2ResTime" : 463.0,
    "pct3ResTime" : 463.0,
    "throughput" : 0.24175027196905596,
    "receivedKBytesPerSec" : 6.3364127375951895,
    "sentKBytesPerSec" : 0.20161594947419317
  },
  "CLICK GNERATE POLICY BUTTON" : {
    "transaction" : "CLICK GNERATE POLICY BUTTON",
    "sampleCount" : 8,
    "errorCount" : 3,
    "errorPct" : 37.5,
    "meanResTime" : 102744.0,
    "medianResTime" : 114573.5,
    "minResTime" : 300.0,
    "maxResTime" : 128463.0,
    "pct1ResTime" : 128463.0,
    "pct2ResTime" : 128463.0,
    "pct3ResTime" : 128463.0,
    "throughput" : 0.04732747655810927,
    "receivedKBytesPerSec" : 0.08128055025586417,
    "sentKBytesPerSec" : 0.04584849291566835
  },
  "GO TO GENERATE QUOTE PAGE" : {
    "transaction" : "GO TO GENERATE QUOTE PAGE",
    "sampleCount" : 8,
    "errorCount" : 0,
    "errorPct" : 0.0,
    "meanResTime" : 1357.875,
    "medianResTime" : 1021.0,
    "minResTime" : 704.0,
    "maxResTime" : 3289.0,
    "pct1ResTime" : 3289.0,
    "pct2ResTime" : 3289.0,
    "pct3ResTime" : 3289.0,
    "throughput" : 0.6662225183211192,
    "receivedKBytesPerSec" : 58.58667463878248,
    "sentKBytesPerSec" : 0.5445588357761493
  },
  "GOTO PROPERTY PAGE" : {
    "transaction" : "GOTO PROPERTY PAGE",
    "sampleCount" : 8,
    "errorCount" : 1,
    "errorPct" : 12.5,
    "meanResTime" : 1340.8750000000002,
    "medianResTime" : 1405.0,
    "minResTime" : 393.0,
    "maxResTime" : 1641.0,
    "pct1ResTime" : 1641.0,
    "pct2ResTime" : 1641.0,
    "pct3ResTime" : 1641.0,
    "throughput" : 0.2925794536078704,
    "receivedKBytesPerSec" : 5.875089716746516,
    "sentKBytesPerSec" : 0.24286380426434553
  },
  "GOTO POLICY HOLDER PAGE" : {
    "transaction" : "GOTO POLICY HOLDER PAGE",
    "sampleCount" : 8,
    "errorCount" : 1,
    "errorPct" : 12.5,
    "meanResTime" : 806.1250000000001,
    "medianResTime" : 787.5,
    "minResTime" : 411.0,
    "maxResTime" : 1280.0,
    "pct1ResTime" : 1280.0,
    "pct2ResTime" : 1280.0,
    "pct3ResTime" : 1280.0,
    "throughput" : 0.3577657528733062,
    "receivedKBytesPerSec" : 25.277469352332187,
    "sentKBytesPerSec" : 0.29382909977192434
  },
  "GOTO APPLICATION SUMMARY PAGE" : {
    "transaction" : "GOTO APPLICATION SUMMARY PAGE",
    "sampleCount" : 8,
    "errorCount" : 1,
    "errorPct" : 12.5,
    "meanResTime" : 1531.0,
    "medianResTime" : 1601.5,
    "minResTime" : 347.0,
    "maxResTime" : 2057.0,
    "pct1ResTime" : 2057.0,
    "pct2ResTime" : 2057.0,
    "pct3ResTime" : 2057.0,
    "throughput" : 0.1981227865969935,
    "receivedKBytesPerSec" : 4.511477384593477,
    "sentKBytesPerSec" : 0.15981388840734045
  },
  "GOTO HOME PAGE" : {
    "transaction" : "GOTO HOME PAGE",
    "sampleCount" : 8,
    "errorCount" : 0,
    "errorPct" : 0.0,
    "meanResTime" : 1357.875,
    "medianResTime" : 1021.0,
    "minResTime" : 704.0,
    "maxResTime" : 3289.0,
    "pct1ResTime" : 3289.0,
    "pct2ResTime" : 3289.0,
    "pct3ResTime" : 3289.0,
    "throughput" : 0.6648936170212766,
    "receivedKBytesPerSec" : 58.46981292075299,
    "sentKBytesPerSec" : 0.543472614694149
  },
  "GOTO VIEW POLICY PAGE" : {
    "transaction" : "GOTO VIEW POLICY PAGE",
    "sampleCount" : 8,
    "errorCount" : 0,
    "errorPct" : 0.0,
    "meanResTime" : 1618.0,
    "medianResTime" : 1734.5,
    "minResTime" : 368.0,
    "maxResTime" : 2266.0,
    "pct1ResTime" : 2266.0,
    "pct2ResTime" : 2266.0,
    "pct3ResTime" : 2266.0,
    "throughput" : 0.0469304549320975,
    "receivedKBytesPerSec" : 0.9108873614085002,
    "sentKBytesPerSec" : 0.037810180975566834
  },
  "CREATE POLICY USING GENERATE QUOTE BUTTON" : {
    "transaction" : "CREATE POLICY USING GENERATE QUOTE BUTTON",
    "sampleCount" : 8,
    "errorCount" : 3,
    "errorPct" : 37.5,
    "meanResTime" : 104362.0,
    "medianResTime" : 116410.5,
    "minResTime" : 668.0,
    "maxResTime" : 130194.0,
    "pct1ResTime" : 130194.0,
    "pct2ResTime" : 130194.0,
    "pct3ResTime" : 130194.0,
    "throughput" : 0.046848281839263546,
    "receivedKBytesPerSec" : 0.9897500168361012,
    "sentKBytesPerSec" : 0.08312825009955259
  },
  "LOGIN PROCESS" : {
    "transaction" : "LOGIN PROCESS",
    "sampleCount" : 8,
    "errorCount" : 0,
    "errorPct" : 0.0,
    "meanResTime" : 9258.25,
    "medianResTime" : 9049.0,
    "minResTime" : 5126.0,
    "maxResTime" : 15220.0,
    "pct1ResTime" : 15220.0,
    "pct2ResTime" : 15220.0,
    "pct3ResTime" : 15220.0,
    "throughput" : 0.4958780140085539,
    "receivedKBytesPerSec" : 413.25863525072833,
    "sentKBytesPerSec" : 0.8643967334035828
  },
  "SAVE PROPERTY PAGE" : {
    "transaction" : "SAVE PROPERTY PAGE",
    "sampleCount" : 8,
    "errorCount" : 0,
    "errorPct" : 0.0,
    "meanResTime" : 3187.75,
    "medianResTime" : 3485.0,
    "minResTime" : 844.0,
    "maxResTime" : 3773.0,
    "pct1ResTime" : 3773.0,
    "pct2ResTime" : 3773.0,
    "pct3ResTime" : 3773.0,
    "throughput" : 0.2603149811271639,
    "receivedKBytesPerSec" : 0.11951228564688272,
    "sentKBytesPerSec" : 0.3828460562280359
  },
  "APPLICATION FORM SUMMARY PAGE" : {
    "transaction" : "APPLICATION FORM SUMMARY PAGE",
    "sampleCount" : 8,
    "errorCount" : 1,
    "errorPct" : 12.5,
    "meanResTime" : 898.6249999999999,
    "medianResTime" : 908.0,
    "minResTime" : 333.0,
    "maxResTime" : 1185.0,