{
  "QUOTE ESTIMATION" : {
    "transaction" : "QUOTE ESTIMATION",
    "sampleCount" : 10,
    "errorCount" : 0,
    "errorPct" : 0.0,
    "meanResTime" : 9943.099999999999,
    "medianResTime" : 9197.5,
    "minResTime" : 7542.0,
    "maxResTime" : 14053.0,
    "pct1ResTime" : 13975.2,
    "pct2ResTime" : 14053.0,
    "pct3ResTime" : 14053.0,
    "throughput" : 0.6471235358830001,
    "receivedKBytesPerSec" : 1.4231030180223905,
    "sentKBytesPerSec" : 1.3151016388403547
  },
  "SEARCH PROPERTY ADDRESS-1" : {
    "transaction" : "SEARCH PROPERTY ADDRESS-1",
    "sampleCount" : 10,
    "errorCount" : 0,
    "errorPct" : 0.0,
    "meanResTime" : 2723.5,
    "medianResTime" : 2653.5,
    "minResTime" : 2058.0,
    "maxResTime" : 3287.0,
    "pct1ResTime" : 3285.4,
    "pct2ResTime" : 3287.0,
    "pct3ResTime" : 3287.0,
    "throughput" : 1.0811979673478214,
    "receivedKBytesPerSec" : 0.6852514461022813,
    "sentKBytesPerSec" : 1.0452988160882257
  },
  "SAVE COVERAGE PAGE" : {
    "transaction" : "SAVE COVERAGE PAGE",
    "sampleCount" : 20,
    "errorCount" : 0,
    "errorPct" : 0.0,
    "meanResTime" : 6467.0,
    "medianResTime" : 6171.0,
    "minResTime" : 5346.0,
    "maxResTime" : 8025.0,
    "pct1ResTime" : 7992.1,
    "pct2ResTime" : 8025.0,
    "pct3ResTime" : 8025.0,
    "throughput" : 1.287415513356936,
    "receivedKBytesPerSec" : 0.7744608947537818,
    "sentKBytesPerSec" : 5.63495735436112
  },
  "SEARCH PROPERTY ADDRESS-0" : {
    "transaction" : "SEARCH PROPERTY ADDRESS-0",
    "sampleCount" : 10,
    "errorCount" : 0,
    "errorPct" : 0.0,
    "meanResTime" : 2986.3999999999996,
    "medianResTime" : 3114.0,
    "minResTime" : 1827.0,
    "maxResTime" : 3736.0,
    "pct1ResTime" : 3728.7,
    "pct2ResTime" : 3736.0,
    "pct3ResTime" : 3736.0,
    "throughput" : 1.0902747492368077,
    "receivedKBytesPerSec" : 0.7506286115351068,
    "sentKBytesPerSec" : 1.2712773931530745
  },
  "SEARCH PROPERTY ADDRESS-2" : {
    "transaction" : "SEARCH PROPERTY ADDRESS-2",
    "sampleCount" : 10,
    "errorCount" : 0,
    "errorPct" : 0.0,
    "meanResTime" : 425.3,
    "medianResTime" : 395.0,
    "minResTime" : 366.0,
    "maxResTime" : 663.0,
    "pct1ResTime" : 642.3000000000001,
    "pct2ResTime" : 663.0,
    "pct3ResTime" : 663.0,
    "throughput" : 1.310787783457858,
    "receivedKBytesPerSec" : 30.94995248394285,
    "sentKBytesPerSec" : 1.2339838117708744
  },
  "GOTO COVERAGE PAGE" : {
    "transaction" : "GOTO COVERAGE PAGE",
    "sampleCount" : 10,
    "errorCount" : 0,
    "errorPct" : 0.0,
    "meanResTime" : 1491.2,
    "medianResTime" : 681.5,
    "minResTime" : 476.0,
    "maxResTime" : 3532.0,
    "pct1ResTime" : 3480.5,
    "pct2ResTime" : 3532.0,
    "pct3ResTime" : 3532.0,
    "throughput" : 1.5391719255040788,
    "receivedKBytesPerSec" : 45.50056756964753,
    "sentKBytesPerSec" : 1.2836453363090659
  },
  "CLICK GNERATE POLICY BUTTON" : {
    "transaction" : "CLICK GNERATE POLICY BUTTON",
    "sampleCount" : 10,
    "errorCount" : 8,
    "errorPct" : 80.0,
    "meanResTime" : 116962.5,
    "medianResTime" : 117861.0,
    "minResTime" : 105803.0,
    "maxResTime" : 127293.0,
    "pct1ResTime" : 126872.2,
    "pct2ResTime" : 127293.0,
    "pct3ResTime" : 127293.0,
    "throughput" : 0.07803781712617934,
    "receivedKBytesPerSec" : 0.2501477841161827,
    "sentKBytesPerSec" : 0.07559913534098624
  },
  "GO TO GENERATE QUOTE PAGE" : {
    "transaction" : "GO TO GENERATE QUOTE PAGE",
    "sampleCount" : 10,
    "errorCount" : 0,
    "errorPct" : 0.0,
    "meanResTime" : 928.4000000000001,
    "medianResTime" : 997.5,
    "minResTime" : 555.0,
    "maxResTime" : 1163.0,
    "pct1ResTime" : 1160.8,
    "pct2ResTime" : 1163.0,
    "pct3ResTime" : 1163.0,
    "throughput" : 1.6048788316482105,
    "receivedKBytesPerSec" : 141.13091297544537,
    "sentKBytesPerSec" : 1.3118003731343284
  },
  "GOTO PROPERTY PAGE" : {
    "transaction" : "GOTO PROPERTY PAGE",
    "sampleCount" : 10,
    "errorCount" : 0,
    "errorPct" : 0.0,
    "meanResTime" : 850.6999999999999,
    "medianResTime" : 472.0,
    "minResTime" : 379.0,
    "maxResTime" : 2039.0,
    "pct1ResTime" : 2019.5,
    "pct2ResTime" : 2039.0,
    "pct3ResTime" : 2039.0,
    "throughput" : 1.380643379814994,
    "receivedKBytesPerSec" : 30.938006954991025,
    "sentKBytesPerSec" : 1.146041868010493
  },
  "GOTO POLICY HOLDER PAGE" : {
    "transaction" : "GOTO POLICY HOLDER PAGE",
    "sampleCount" : 10,
    "errorCount" : 0,
    "errorPct" : 0.0,
    "meanResTime" : 591.8,
    "medianResTime" : 657.5,
    "minResTime" : 440.0,
    "maxResTime" : 690.0,
    "pct1ResTime" : 689.2,
    "pct2ResTime" : 690.0,
    "pct3ResTime" : 690.0,
    "throughput" : 4.149377593360996,
    "receivedKBytesPerSec" : 191.3657287344398,
    "sentKBytesPerSec" : 3.407838433609958
  },
  "GOTO APPLICATION SUMMARY PAGE" : {
    "transaction" : "GOTO APPLICATION SUMMARY PAGE",
    "sampleCount" : 10,
    "errorCount" : 0,
    "errorPct" : 0.0,
    "meanResTime" : 2329.6,
    "medianResTime" : 2427.0,
    "minResTime" : 1515.0,
    "maxResTime" : 3126.0,
    "pct1ResTime" : 3113.9,
    "pct2ResTime" : 3126.0,
    "pct3ResTime" : 3126.0,
    "throughput" : 2.2381378692927485,
    "receivedKBytesPerSec" : 57.376325397269476,
    "sentKBytesPerSec" : 1.805372929722471
  },
  "GOTO HOME PAGE" : {
    "transaction" : "GOTO HOME PAGE",
    "sampleCount" : 10,
    "errorCount" : 0,
    "errorPct" : 0.0,
    "meanResTime" : 928.4000000000001,
    "medianResTime" : 997.5,
    "minResTime" : 555.0,
    "maxResTime" : 1163.0,
    "pct1ResTime" : 1160.8,
    "pct2ResTime" : 1163.0,
    "pct3ResTime" : 1163.0,
    "throughput" : 1.6100466913540492,
    "receivedKBytesPerSec" : 141.58536769441312,
    "sentKBytesPerSec" : 1.3160244928352922
  },
  "GOTO VIEW POLICY PAGE" : {
    "transaction" : "GOTO VIEW POLICY PAGE",
    "sampleCount" : 10,
    "errorCount" : 0,
    "errorPct" : 0.0,
    "meanResTime" : 1721.1000000000001,
    "medianResTime" : 1623.0,
    "minResTime" : 1439.0,
    "maxResTime" : 2073.0,
    "pct1ResTime" : 2070.1,
    "pct2ResTime" : 2073.0,
    "pct3ResTime" : 2073.0,
    "throughput" : 0.4314063848144953,
    "receivedKBytesPerSec" : 8.373623206967213,
    "sentKBytesPerSec" : 0.3475686205780846
  },
  "CREATE POLICY USING GENERATE QUOTE BUTTON" : {
    "transaction" : "CREATE POLICY USING GENERATE QUOTE BUTTON",
    "sampleCount" : 10,
    "errorCount" : 8,
    "errorPct" : 80.0,
    "meanResTime" : 118683.70000000001,
    "medianResTime" : 119653.0,
    "minResTime" : 107352.0,
    "maxResTime" : 128881.0,
    "pct1ResTime" : 128496.4,
    "pct2ResTime" : 128881.0,
    "pct3ResTime" : 128881.0,
    "throughput" : 0.07710635279240656,
    "receivedKBytesPerSec" : 1.7438008299535048,
    "sentKBytesPerSec" : 0.13681859670293237
  },
  "LOGIN PROCESS" : {
    "transaction" : "LOGIN PROCESS",
    "sampleCount" : 10,
    "errorCount" : 0,
    "errorPct" : 0.0,
    "meanResTime" : 11698.3,
    "medianResTime" : 11993.0,
    "minResTime" : 8493.0,
    "maxResTime" : 13576.0,
    "pct1ResTime" : 13574.2,
    "pct2ResTime" : 13576.0,
    "pct3ResTime" : 13576.0,
    "throughput" : 0.7363228039172374,
    "receivedKBytesPerSec" : 613.6423645626243,
    "sentKBytesPerSec" : 1.2835314501877624
  },
  "SAVE PROPERTY PAGE" : {
    "transaction" : "SAVE PROPERTY PAGE",
    "sampleCount" : 10,
    "errorCount" : 0,
    "errorPct" : 0.0,
    "meanResTime" : 2151.9,
    "medianResTime" : 2177.0,
    "minResTime" : 1606.0,
    "maxResTime" : 2944.0,
    "pct1ResTime" : 2913.0,
    "pct2ResTime" : 2944.0,
    "pct3ResTime" : 2944.0,
    "throughput" : 1.1705489874751258,
    "receivedKBytesPerSec" : 0.5372636954231536,
    "sentKBytesPerSec" : 1.7215300538452536
  },
  "APPLICATION FORM SUMMARY PAGE" : {
    "transaction" : "APPLICATION FORM SUMMARY PAGE",
    "sampleCount" : 10,
    "errorCount" : 0,
    "errorPct" : 0.0,
    "meanResTime" : 2320.2999999999997,
    "medianResTime" : 2490.5,